Transaction_ID,Employee_Level,Department,Client,Merchant,Category,Amount,Date,Justification,violation,reasoning,execution_time_sec
TXN-1001,Executive,Engineering,Atlas Capture,GitHub,Software,218.58,2026-06-30,"Software subscription - design/collaboration tool, monthly seat renewal",Medium,"The transaction exceeds the Executive's Software & Subscriptions cap by more than 25%, resulting in a Medium violation. The justification provided is also for a legitimate business expense, supporting the claim's validity.",21.91
TXN-1002,Senior,Finance,Internal / No Client,Notion,Software,83.89,2026-06-23,"Software subscription - design/collaboration tool, monthly seat renewal",Medium,"The Senior employee's software subscription claim ($83.89) exceeds the Executive cap of $75/seat/month by more than 10%, constituting a Medium violation under policy HE-FIN-004 v3.1 merged.",20.57
TXN-1003,Manager,Marketing,BlueWave Logistics,Vapiano,Entertainment,380.00,2026-06-10,Dinner with client team (4 people) to finalize Q3 proposal,None,"The transaction is compliant with the policy as the Manager has permission to submit an Entertainment claim, and the per-person cost of $95.0 is within the cap.",33.72
TXN-1004,Manager,Engineering,Internal / No Client,Officeworks,Office Supplies,300.00,2026-06-24,general purchase,Medium,"The justification text 'general purchase' is vague, and the transaction amount is a round figure, which may indicate an attempt to circumvent approval thresholds. However, since the Manager level employee is eligible for Office Supplies claims and the per-person cost is below the cap, this is not an automatic High violation.",33.2
TXN-1005,Manager,HR,Internal / No Client,Cafe Einstein,Entertainment,314.16,2026-06-08,Team dinner a group of 2 after closing out the sprint,High,"The transaction exceeds the per-person cap for Entertainment claims, making it a High violation. The employee's level and permissions do not change this outcome.",47.34
TXN-1006,Senior,Finance,Meridian Health Systems,Marriott,Travel,276.77,2026-06-15,"2-day onsite client engagement; covers flights and 1 night hotel, meals billed separately",Medium,"The transaction is for 'Travel' which includes flights and hotel costs, exceeding the Manager-level flight/train cap of $600 without prior Director approval. However, this transaction is for a Senior employee, not a Manager, so it's not an automatic violation.",43.58
TXN-1007,Junior,Marketing,Internal / No Client,Hotel WiFi,Wi-Fi,8.50,2026-06-28,Hotel WiFi during client site visit,None,"The transaction meets all policy requirements for a Junior employee's Wi-Fi/Connectivity claim, including being below the cap and having a valid business justification. No violations were found.",37.2
TXN-1008,Junior,Sales,Atlas Capture,T-Mobile Hotspot,Wi-Fi,10.10,2026-06-18,Hotel WiFi during client site visit,None,"The transaction meets all policy requirements for a Junior employee to submit a Wi-Fi/Connectivity claim, including the cap check and justification. There are no structural abuse checks or other issues that would indicate a violation.",31.72
TXN-1009,Junior,Operations,Internal / No Client,Airport WiFi,Wi-Fi,12.00,2026-06-07,Airport WiFi while traveling for business,None,"The transaction is eligible, within the cap, and follows policy guidelines. The Junior employee's Wi-Fi claim for $12.00 at Airport WiFi while traveling for business is compliant with the policy.",34.35
TXN-1010,Manager,Operations,Atlas Capture,Hilton Restaurant,Entertainment,57.99,2026-06-08,Coffee/meal with client contact a group of 3 following a successful sprint demo,None,"The Manager-level employee has permission to submit Client Entertainment claims with a named client/project required, and the transaction is within the per-person cap of $100.",42.84
TXN-1011,Director,Finance,Internal / No Client,Cafe Einstein,Entertainment,119.55,2026-06-06,"Team lunch team of 5 catch-up, no client involved",Medium,"The Director employee is eligible to claim the Entertainment category, but since there is no client involved and the justification text lacks a clear business reason, this transaction is flagged as a Medium violation due to lack of context for weekend claims without a specific client reference.",40.17
TXN-1012,Director,Sales,Kestrel Finance Partners,Cafe Einstein,Entertainment,102.95,2026-06-28,Coffee/meal with client contact a group of 5 following a successful sprint demo,None,"The Director is eligible to claim Entertainment, and the per-person cost of $20.59 does not exceed the cap of $100. No other policy violations or structural abuses were found.",36.03
TXN-1013,Executive,Finance,Internal / No Client,Hilton Restaurant,Entertainment,631.24,2026-06-20,Team dinner 4 of us after closing out the sprint,High,"The transaction is for Entertainment and exceeds the per-person cap of $100. Although the employee is an Executive, they do not have internal hosting/party rights under Section 6, making this a High violation.",45.35
TXN-1014,Manager,Operations,BlueWave Logistics,Notion,Software,107.04,2026-06-22,"Software subscription - design/collaboration tool, monthly seat renewal",Medium,"The transaction is under the math cap, but it exceeds the Manager-specific cap (not explicitly stated in Appendix E). However, since Managers are eligible for Software claims, we consider this a Medium violation due to exceeding the cap by more than 25%.",39.23
TXN-1015,Manager,Finance,Atlas Capture,Cafe Einstein,Entertainment,97.02,2026-06-11,Coffee/meal with client contact (3 people) to review project milestones,None,"The transaction is within the per-person cap, and the employee has the necessary permissions for this category. There are no structural abuse checks or other issues that would flag this as a violation.",42.13
TXN-1016,Junior,HR,Meridian Health Systems,Chutnify Neukölln,Entertainment,602.72,2026-06-09,Dinner with client team team of 4 to finalize Q3 proposal,High,"Junior employee attempting to claim 'Entertainment' category without permission, and exceeding per-person cap of $100.",31.05
TXN-1017,Manager,HR,BlueWave Logistics,Ryanair,Travel,35.00,2026-06-24,"5-day onsite client engagement; covers flights and 4 nights hotel, meals billed separately",High,"The transaction involves a flight (Ryanair) without prior written approval from a Director, which is a requirement for Manager-level employees. This constitutes a High violation due to the employee's lack of basic role permissions for this transaction type.",79.64
TXN-1018,Senior,Finance,Internal / No Client,Local Pub Berlin,Entertainment,1936.00,2026-06-13,"Organized team party a group of 40, birthday celebration for a teammate",High,"The Senior employee attempted to claim a team party expense without having the necessary hosting rights, which is a clear policy violation regardless of the per-person cost being below the cap.",75.74
TXN-1019,Director,Operations,Internal / No Client,Cafe Einstein,Entertainment,93.95,2026-06-06,Project discussion,None,"The transaction is eligible for a Director employee, and the claimed amount is within the per-person cap of $100. No other policy violations were found.",39.45
TXN-1020,Executive,HR,Internal / No Client,Five Guys,Entertainment,81.11,2026-06-26,"Team lunch (1 person, no guests) to debrief after sprint retro",High,"The Executive employee submitted an 'Entertainment' claim without a named client or project attached, which is not permitted under the policy. The transaction amount ($81.11) is below the cap, but the lack of basic role permissions for this transaction type makes it an automatic High violation.",30.81
TXN-1021,Director,Finance,Meridian Health Systems,Adobe,Software,272.78,2026-06-07,Software subscription - used for client project deliverables,High,"The Director-level employee attempted to claim a software subscription for $272.78, which exceeds the per-person cap of $50/seat/month. This is an automatic violation regardless of justification or client involvement.",25.22
TXN-1022,Director,Sales,Internal / No Client,Peloton,Entertainment,60.43,2026-06-27,Monthly gym membership - stress relief,None,"The Director employee is eligible for Entertainment, and the claimed amount ($60.43) is below the per-person cap of $100. However, the justification text 'Monthly gym membership - stress relief' suggests a personal expense hidden in a wrong category, which could be considered a policy non-compliance.",35.68
TXN-1023,Senior,Engineering,Nova Retail GmbH,Uber,Travel,236.38,2026-06-19,"2-day onsite client engagement; covers flights and 1 night hotel, meals billed separately",High,"The transaction is a 'Travel' claim by a Senior employee, which is not permitted under the policy. The claimed amount exceeds the Manager-level cap for hotel claims, and as a Senior employee, this claim should have been submitted with prior Director approval or not at all.",23.78
TXN-1024,Junior,Sales,Internal / No Client,Vapiano,Entertainment,144.84,2026-06-16,Team lunch a group of 3 to plan next quarter's roadmap,High,"Junior employee attempting to submit 'Entertainment' category without permission, violating policy HE-FIN-004 v3.1 merged.",46.26
TXN-1025,Director,IT,BlueWave Logistics,Figma,Software,87.04,2026-06-28,Software subscription - used for client project deliverables,None,"The transaction is compliant with policy HE-FIN-004 v3.1 merged, as a Director is eligible to claim Software & Subscriptions, and the amount ($87.04) does not exceed the cap for Directors.",25.96
TXN-1026,Senior,Engineering,Internal / No Client,Local Pub Berlin,Entertainment,1290.56,2026-06-24,"Organized team party a group of 37, project wrap-up party",High,"The Senior employee attempted to claim a team party under the Entertainment category without having the necessary hosting rights, which is a High violation according to policy HE-FIN-004 v3.1 merged.",28.65
TXN-1027,Manager,Finance,Internal / No Client,Local Pub Berlin,Entertainment,174.25,2026-06-05,Team dinner a group of 3 after project close,None,"The transaction meets all eligibility and permission requirements for a Manager-level employee, and the per-person cost is below the cap. No structural abuse or policy non-compliance was detected.",21.88
TXN-1028,Director,Finance,Internal / No Client,FitX Gym,Entertainment,91.92,2026-06-20,Wellness subscription,Low,"The Director employee is eligible for the 'Entertainment' category, but since there's no client mentioned, it falls under internal hosting/party rights. The transaction amount ($91.92) is below the cap, and there are no other issues present.",36.47
TXN-1029,Executive,Engineering,BlueWave Logistics,Cafe Einstein,Entertainment,37.88,2026-06-15,Coffee/meal with client contact (2 people) to review project milestones,None,The transaction is compliant with policy as the Executive has permission to submit Entertainment claims and the per-person cost is below the cap. The justification text also supports a legitimate business need.,29.84
TXN-1030,Manager,IT,Internal / No Client,Microsoft 365,Software,68.83,2026-06-29,Software subscription - annual license renewal for the department,None,"The transaction is technically compliant with the policy as it falls under a category (Software) that Managers are eligible for, and the claimed amount ($68.83) does not exceed any explicitly stated cap for this level. However, since the Manager's specific Software & Subscriptions cap is not listed in Appendix E, we cannot definitively conclude compliance without further clarification.",41.35
TXN-1031,Senior,Engineering,Kestrel Finance Partners,Chutnify Neukölln,Entertainment,243.80,2026-06-06,Coffee/meal with client contact 4 of us to review project milestones,None,"The transaction is compliant with the policy as a Senior employee has submitted an Entertainment claim for a named client, and the per-person cost is within the allowed cap.",31.51
TXN-1032,Junior,Engineering,Meridian Health Systems,Local SIM Provider,Wi-Fi,14.20,2026-06-24,Airport WiFi while traveling for business,None,"The transaction meets all eligibility requirements and is within the allowed cap for Junior employees submitting Wi-Fi/Connectivity claims. The client exists, and the merchant venue is not an internal or external client.",29.59
TXN-1033,Director,Sales,Internal / No Client,IKEA,Office Supplies,188.61,2026-06-30,Monitor for hybrid home/office setup,None,"The transaction appears to be compliant with the policy, as it meets all eligibility and cap requirements for a Director-level employee. The justification text is clear and specific to the purchase of an office monitor.",28.75
TXN-1034,Senior,Marketing,Internal / No Client,Cafe Einstein,Entertainment,142.77,2026-06-21,Meeting,High,"The Senior employee lacks basic role permissions for internal entertainment, making the transaction a High-level violation regardless of the cap being met.",33.13
TXN-1035,Executive,Operations,Internal / No Client,Local Pub Berlin,Entertainment,95.95,2026-06-29,Team dinner 3 of us after project close,None,"The transaction meets all eligibility criteria and is within the allowed cap for per-person expenses in the Entertainment category. The employee's level (Executive) allows them to submit this type of claim, and there are no indications of structural abuse or policy non-compliance.",24.28
TXN-1036,Senior,Engineering,Atlas Capture,Cafe Einstein,Entertainment,129.10,2026-06-25,Coffee/meal with client contact (5 people) following a successful sprint demo,None,"The transaction is compliant with policy as it involves Client Entertainment with a named client ('Atlas Capture'), and the per-person cost ($25.82) is below the cap.",21.35
TXN-1037,Executive,Engineering,Internal / No Client,Officeworks,Office Supplies,222.80,2026-06-15,Monitor for hybrid home/office setup,None,"The transaction meets all eligibility criteria, is below the cap for Office Supplies, and does not show any signs of structural abuse. The justification provided ('Monitor for hybrid home/office setup') seems reasonable for an office supply purchase.",25.63
TXN-1038,Senior,Finance,Internal / No Client,Five Guys,Meals,33.02,2026-06-03,Solo lunch while working late on month-end close,High,"Senior employee attempting to claim a 'Meals' category, which is explicitly prohibited for their level according to policy text in Section 6 and Section 7.1.",29.75
TXN-1039,Junior,Engineering,BlueWave Logistics,Boingo Wireless,Wi-Fi,14.99,2026-06-19,Hotel WiFi during business travel,None,"The transaction meets all policy requirements for a Junior employee, including category eligibility and cap compliance. The justification text is clear and valid, indicating that the expense was incurred during business travel.",33.35
TXN-1040,Manager,Finance,Internal / No Client,Local Pub Berlin,Entertainment,213.04,2026-06-14,Team dinner 2 of us after closing out the sprint,None,"The transaction meets all policy requirements for a Manager employee to submit an Entertainment claim. The per-person cost is within the cap, and there's no indication of structural abuse or personal expense hidden in a wrong category.",56.7
TXN-1041,Executive,Engineering,BlueWave Logistics,Amazon,Miscellaneous,27.18,2026-06-14,Small hardware adapter needed for client presentation,None,"The transaction meets all eligibility criteria and is within the allowed amount for an Executive employee's Miscellaneous claim. The justification provided is specific, and there are no signs of structural abuse or policy non-compliance.",27.85
TXN-1042,Junior,IT,Internal / No Client,Local Pub Berlin,Entertainment,1449.30,2026-06-13,"Organized team party (30 people), project wrap-up party",High,"Junior employee submitted an Entertainment claim without permission and lacks hosting rights, violating policy HE-FIN-004 v3.1 merged.",28.65
TXN-1043,Junior,Operations,BlueWave Logistics,Hilton,Travel,199.99,2026-06-19,"Cab ride, was running late for the client meeting",High,"Junior employee attempting to claim Travel category with a total amount of $199.99, which is above the Manager-level cap and exceeds Junior's basic role permissions.",26.12
TXN-1044,Manager,IT,Kestrel Finance Partners,Chutnify Neukölln,Entertainment,210.28,2026-06-26,Dinner with client team a group of 2 to finalize Q3 proposal,None,"The transaction is compliant with all policy requirements, including category eligibility, client validation, and cap checks. The claimed amount is within the allowed per-person limit for Entertainment claims by a Manager-level employee.",55.94
TXN-1045,Junior,Engineering,Internal / No Client,The Grand Bar (private room),Entertainment,1743.44,2026-06-06,"Organized team party (37 people), birthday celebration for a teammate",High,"Junior employee submitted an Entertainment claim for a team party, which is not permitted under policy. This is a High violation regardless of the per-person cost.",40.2
TXN-1046,Director,HR,Internal / No Client,PayPal Transfer,Miscellaneous,16.26,2026-06-25,Parking fee for office day,None,"The transaction meets all eligibility criteria, is within the allowed amount for a Director's claim under the Miscellaneous category, and does not indicate any structural abuse or policy non-compliance.",33.69
TXN-1047,Junior,Operations,Nova Retail GmbH,T-Mobile Hotspot,Wi-Fi,9.99,2026-06-19,Conference venue WiFi day pass,None,"The transaction meets all eligibility criteria and is within the allowed cap for Junior employees. The client exists, but the merchant venue is not an internal or external client, which does not affect the reimbursement decision in this case.",31.38
TXN-1048,Director,Engineering,Internal / No Client,Kestrel & Vine,Entertainment,117.94,2026-06-26,"Evening dinner, 2 guests",None,"The transaction meets all the eligibility criteria and does not exceed the per-person cap for Client Entertainment claims. The employee is a Director, which makes them eligible to submit this category.",39.78
TXN-1049,Junior,Operations,Nova Retail GmbH,Local SIM Provider,Wi-Fi,6.50,2026-06-19,"Hotel WiFi, client project trip",None,"The transaction meets all eligibility criteria and is within the allowed cap for Junior employees. The client exists, and the merchant venue is not an internal or external client. No structural abuse or policy non-compliance was detected.",39.81
TXN-1050,Executive,Operations,Internal / No Client,Vapiano,Entertainment,580.52,2026-06-08,Team dinner a group of 4 after closing out the sprint,High,"The transaction exceeds the per-person cap of $100 for Entertainment claims, and as an Executive, the employee is eligible to claim this category. This is a High-level violation due to the excessive amount claimed.",27.46
TXN-1051,Executive,Finance,Internal / No Client,Local Shop,Miscellaneous,247.09,2026-06-23,general purchase,Medium,"The transaction is technically compliant with the Miscellaneous category cap, but the vague justification text raises concerns about policy non-compliance. Further review is required to determine if this is a legitimate business expense or not.",21.83
TXN-1052,Junior,Finance,Internal / No Client,Hotel WiFi,Wi-Fi,11.25,2026-06-05,Airport WiFi during layover for client visit,None,"The transaction meets all policy requirements for a Junior employee to submit a Wi-Fi/Connectivity claim, and the claimed amount is within the allowed cap. The justification text also meets the requirement of stating the business reason for being away from a normal working location.",25.27
TXN-1053,Director,IT,Internal / No Client,Sixt Rent a Car,Travel,541.41,2026-06-28,"3-day travel for internal training in Frankfurt; includes train, 2 nights hotel",None,"The Director-level employee is eligible to claim the 'Travel' category, and there is no per-person cap mentioned in Appendix E. The transaction justification seems reasonable for an internal training trip.",29.21
TXN-1054,Manager,Finance,Internal / No Client,Local Bakery,Meals,10.99,2026-06-24,Breakfast meeting with manager to review weekly priorities (2 people),None,The transaction is compliant with all policy requirements for a Manager-level employee submitting a meal claim at a Local Bakery.,48.21
TXN-1055,Manager,IT,Nova Retail GmbH,Hilton Restaurant,Entertainment,179.68,2026-06-17,Coffee/meal with client contact team of 4 to walk through Q3 deliverables,High,"The transaction involves Client Entertainment with a named client/project, but the claimed amount exceeds the per-person cap of $100. This is a High violation due to the clear policy non-compliance.",23.78
TXN-1056,Senior,Engineering,Internal / No Client,Hilton Event Hall,Entertainment,1737.68,2026-06-30,"Organized team party 29 of us, casual Friday team party",High,"The Senior employee lacks basic role permissions for submitting team party claims, making this a High-level violation regardless of the per-person cost exceeding the cap.",24.03
TXN-1057,Senior,Engineering,Kestrel Finance Partners,Marriott,Travel,613.97,2026-06-06,"3-day onsite client engagement; covers flights and 2 nights hotel, meals billed separately",High,"The transaction exceeds the per-person cap for Travel (flights and trains) at the Senior level, making it a High violation.",25.99
TXN-1058,Junior,Operations,Kestrel Finance Partners,Airport WiFi,Wi-Fi,13.80,2026-06-09,Hotel WiFi during overnight business trip,None,"The Junior employee is eligible to claim Wi-Fi/Connectivity expenses, and the amount claimed ($13.80) is within the allowed cap of $15 per instance. The justification provided aligns with the policy's requirements for this category.",23.89
TXN-1059,Manager,HR,Internal / No Client,Cash Withdrawal,Miscellaneous,264.91,2026-06-04,general purchase,High,"Manager-level employee attempting to claim Miscellaneous category, which is only eligible for Senior level and above. This is a clear policy non-compliance.",21.8
TXN-1060,Executive,Finance,Internal / No Client,Büro König,Office Supplies,251.60,2026-06-20,Replacement keyboard and mouse for desk setup,None,"The transaction meets all eligibility criteria, is below the cap for Office Supplies, and does not show any signs of structural abuse. The justification provided ('Replacement keyboard and mouse for desk setup') seems reasonable for an office supply purchase.",22.93
TXN-1061,Senior,HR,Meridian Health Systems,Cafe Einstein,Entertainment,205.23,2026-06-10,Coffee/meal with client contact a group of 3 following a successful sprint demo,None,"The transaction meets all eligibility criteria and does not exceed the per-person cap for Entertainment claims. The client is named, and the justification mentions a business purpose with the client contact group.",22.95
TXN-1062,Senior,Sales,Kestrel Finance Partners,Zoom,Software,284.24,2026-06-28,Software subscription - annual license renewal for the department,Medium,"The transaction is for Software & Subscriptions, which is eligible for Senior employees. However, the claimed amount ($284.24) exceeds the Executive cap by more than 25%, making it a Medium violation.",23.12
TXN-1063,Junior,Engineering,Internal / No Client,Amazon,Office Supplies,480.00,2026-06-02,Bulk office furniture order for the floor,High,"Junior employee attempting to claim Office Supplies category, which they are not eligible for. Transaction amount is below the cap, but policy non-compliance takes precedence over mathematical compliance.",22.26
TXN-1064,Senior,Operations,Internal / No Client,Vapiano (private room),Entertainment,1403.10,2026-06-10,"Organized team party 45 of us, birthday celebration for a teammate",High,"The transaction is a team party claim submitted by a Senior employee, who lacks the necessary hosting rights for this type of event. The per-person cost exceeds the cap, but this is not the primary reason for the violation.",29.33
TXN-1065,Executive,Finance,Meridian Health Systems,Local Pub Berlin,Entertainment,525.96,2026-06-05,Dinner with client team team of 4 to finalize Q3 proposal,Medium,"The transaction is for Client Entertainment, which is eligible for Executives. However, the per-person cost ($525.96) exceeds the $100 cap by more than 25%, making it a Medium violation.",30.84
TXN-1066,Executive,Finance,Internal / No Client,Ryanair,Travel,371.02,2026-06-18,"2-day travel for internal training in Frankfurt; includes train, 1 night hotel",Medium,"The transaction is under the category 'Travel' and employee level 'Executive', which is eligible. However, the claimed amount exceeds the cap for Manager-level employees ($150/instance), but not for Executive or Director-level employees. The justification provided does not indicate any abuse of policy.",27.52
TXN-1067,Manager,Sales,Internal / No Client,Vapiano,Meals,19.63,2026-06-28,Snacks for office during all-hands meeting (approx 12 people),None,"The transaction meets all eligibility criteria, including category, level, and cap checks. The claimed amount is below the solo meal cap, making it compliant with policy HE-FIN-004 v3.1 merged.",26.68
TXN-1068,Executive,Marketing,Internal / No Client,McFit,Entertainment,48.78,2026-06-09,Wellness subscription,High,"The transaction is a clear personal expense hidden in a wrong category, violating policy non-compliance.",33.15
TXN-1069,Executive,Sales,Internal / No Client,Chutnify Neukölln,Entertainment,137.20,2026-06-20,Work session,None,"The transaction is for Internal Entertainment/Team Event with a named client/project not attached, which falls under the rules for Executives. The claimed amount of $137.20 is below the per-person cap of $100, and since this is an Executive employee, they are eligible to submit this category.",38.81
TXN-1070,Junior,Engineering,Internal / No Client,Cash Withdrawal,Miscellaneous,248.21,2026-06-07,general purchase,High,"Junior employee submitted a Miscellaneous claim exceeding the Senior-level cap, violating policy (Section 7.6).",27.21
TXN-1071,Director,IT,Internal / No Client,FitX Gym,Entertainment,117.20,2026-06-23,Personal training session,High,"The transaction exceeds the per-person cap for Entertainment and is submitted by a Director-level employee, who has hosting/claiming rights. However, since there is no named client or project attached, this claim falls under Internal Entertainment/Team Event category, which has a stricter cap of $100 per person.",38.33
TXN-1072,Director,HR,Internal / No Client,Figma,Software,249.12,2026-06-11,Software subscription - annual license renewal for the department,Medium,"The Director's Software claim exceeds their monthly cap by more than 25%, indicating a Medium violation. The justification provided is legitimate, but the amount claimed is above the permitted limit.",25.6
TXN-1073,Director,IT,Meridian Health Systems,Figma,Software,55.56,2026-06-03,"Software subscription - design/collaboration tool, monthly seat renewal",None,"The transaction meets all eligibility criteria and is within the allowed cap for Directors, making it compliant with policy HE-FIN-004 v3.1 merged.",21.87
TXN-1074,Manager,Marketing,Internal / No Client,Amazon,Miscellaneous,200.00,2026-06-19,Other,None,The transaction is within the Miscellaneous category's cap for Managers and does not exhibit any signs of structural abuse or policy non-compliance.,26.86
TXN-1075,Senior,Engineering,Internal / No Client,Cash Withdrawal,Miscellaneous,253.58,2026-06-07,various,Medium,"The transaction is technically compliant with the cap, but the justification text is vague, which raises concerns about policy non-compliance and potential personal expenses hidden in a wrong category.",26.98
TXN-1076,Junior,Operations,Internal / No Client,Boingo Wireless,Wi-Fi,7.40,2026-06-20,Local data/WiFi hotspot for remote work day,None,"The transaction meets all policy requirements for a Junior employee to submit a Wi-Fi/Connectivity claim, including the cap check and justification. There are no indications of structural abuse or other violations.",27.42
TXN-1077,Director,Engineering,Internal / No Client,Sixt Rent a Car,Travel,591.96,2026-06-25,"4-day travel for internal training in Frankfurt; includes train, 3 nights hotel",None,"The transaction is eligible under policy and within the per-person cap for a Director-level employee. The justification provided seems reasonable, and there are no structural abuse checks to flag as a violation.",27.8
TXN-1078,Senior,IT,Internal / No Client,Sixt Rent a Car,Travel,200.00,2026-06-26,expense,High,"The transaction is a Travel expense submitted by a Senior employee, which is not eligible according to Section 6. The claimed amount exceeds the cap for Manager-level employees, but more importantly, Senior employees are not permitted to submit any transport claims, making this an automatic High violation.",26.61
TXN-1079,Manager,Marketing,BlueWave Logistics,Amazon,Miscellaneous,125.80,2026-06-21,SIM card / local data plan for business trip,None,"The transaction is within the Manager's eligibility and cap limits, with a specific client attached and a legitimate justification for the claim.",28.6
TXN-1080,Junior,Finance,Meridian Health Systems,DB Bahn,Travel,180.44,2026-06-23,Train ticket for 1-day client site visit,High,"Junior employee attempting to submit 'Travel' category without permission, exceeding Manager-level cap for ground transport. Automatic High violation due to lack of basic role permissions.",24.98
TXN-1081,Executive,Engineering,Internal / No Client,Cafe Einstein,Meals,14.48,2026-06-28,Working lunch alone between back-to-back meetings,None,"The transaction meets all eligibility and cap requirements for an Executive employee to claim the Meals category, with a per-person cost below the $100 cap. No violations were found.",29.05
TXN-1082,Senior,HR,Meridian Health Systems,Starbucks,Entertainment,319.12,2026-06-22,Coffee/meal with client contact (4 people) following a successful sprint demo,None,"The transaction meets all eligibility criteria and does not exceed the per-person cap for Client Entertainment. The justification provided is also sufficient, indicating a legitimate business expense.",25.16
TXN-1083,Senior,Finance,Nova Retail GmbH,Figma,Software,73.11,2026-06-17,Software subscription - annual license renewal for the department,None,"The transaction meets all eligibility criteria and is within the per-person cap for Software claims, making it compliant with policy HE-FIN-004 v3.1 merged.",26.04
TXN-1084,Junior,Marketing,Internal / No Client,Notion,Software,69.97,2026-06-04,Software subscription - annual license renewal for the department,Medium,"Junior employee attempting to claim Software & Subscription category, which they are not eligible for (Section 7.4). The claimed amount ($69.97) is below the per-person cap of $75/seat/month, but this is a Medium violation due to the lack of eligibility.",23.49
TXN-1085,Senior,IT,Internal / No Client,Cafe Einstein,Meals,37.73,2026-06-15,Working lunch alone between back-to-back meetings,None,"The transaction meets all eligibility and cap requirements, with the claimed amount of $37.73 being within the allowed limit for a Senior employee's Meals claim.",28.23
TXN-1086,Director,Sales,Nova Retail GmbH,Hilton,Travel,507.62,2026-06-05,"4-day onsite client engagement; covers flights and 3 nights hotel, meals billed separately",High,"The Director-level employee's Travel claim of $507.62 exceeds the per-person cap of $100, making it a High violation.",35.51
TXN-1087,Manager,Operations,BlueWave Logistics,Trainline,Travel,28.50,2026-06-07,"2-day onsite client engagement; covers flights and 1 night hotel, meals billed separately",None,"The transaction is within the Manager-level eligibility and cap for minimal, local ground transport. The client exists, and there are no indications of structural abuse or policy non-compliance.",36.55
TXN-1088,Senior,Sales,Internal / No Client,Five Guys,Entertainment,191.58,2026-06-20,Team lunch 3 of us to welcome a new team member,High,"The transaction is for Internal Entertainment/Team Event without a named client/project, which is not permitted for Senior-level employees. The per-person cost of $191.58 exceeds the cap of $100/person.",28.67
TXN-1089,Director,Finance,Internal / No Client,Kestrel & Vine,Entertainment,122.31,2026-06-20,Dinner,Medium,"The transaction is for Entertainment and involves a Director, but the claimed amount ($122.31) exceeds the per-person cap of $100, making it a Medium violation due to policy non-compliance with category-specific rules.",31.57
TXN-1090,Manager,Finance,Nova Retail GmbH,Cash Withdrawal,Miscellaneous,140.83,2026-06-29,Small hardware adapter needed for client presentation,None,"The transaction meets all eligibility criteria and does not exceed any specified caps. The justification provided is specific, and there's no indication of personal expenses or structural abuse.",26.98
TXN-1091,Junior,Sales,Kestrel Finance Partners,Lufthansa,Travel,108.85,2026-06-02,"Cab ride, was running late for the client meeting",High,"Junior employee submitted a Travel category claim, which is not permitted under policy HE-FIN-004 v3.1 merged. The claimed amount exceeds the Manager-level transport cap, further supporting this High violation.",26.97
TXN-1092,Senior,Engineering,Internal / No Client,Five Guys,Meals,9.34,2026-06-28,Working lunch alone between back-to-back meetings,None,"The transaction meets all eligibility and cap requirements for a Senior employee to claim Meals. The justification provided is also sufficient, as it describes the circumstance of working alone between back-to-back meetings.",29.79
TXN-1093,Manager,Marketing,Meridian Health Systems,Sixt Rent a Car,Travel,22.75,2026-06-28,Expense - receipt attached,None,"The transaction is eligible for reimbursement as a Manager-level employee, and the claimed amount ($22.75) is within the cap of $40 per instance for minimal, local ground transport.",31.91
TXN-1094,Director,Finance,Nova Retail GmbH,Cash Withdrawal,Miscellaneous,161.37,2026-06-01,SIM card / local data plan for business trip,None,"The transaction meets all eligibility criteria and is within the allowed cap for a Director, making it compliant with policy HE-FIN-004 v3.1 merged.",32.19
TXN-1095,Executive,Finance,Meridian Health Systems,Ryanair,Travel,518.73,2026-06-05,"5-day onsite client engagement; covers flights and 4 nights hotel, meals billed separately",None,"The transaction is eligible for an Executive-level employee, has a specific client attached, and the claimed amount appears reasonable given the justification. There are no structural abuse checks to flag this transaction as a violation.",35.63
TXN-1096,Executive,Sales,Internal / No Client,Local Shop,Miscellaneous,250.00,2026-06-07,expense,None,"The transaction meets all eligibility criteria, is below the cap, and does not indicate any structural abuse or policy non-compliance. The justification text 'expense' is vague but does not automatically trigger a violation since it's within the Miscellaneous category's documentation requirements.",29.64
TXN-1097,Executive,Engineering,BlueWave Logistics,Miro,Software,254.64,2026-06-15,Software subscription - annual license renewal for the department,Medium,"The transaction exceeds the Executive's Software & Subscriptions cap by more than 25%, resulting in a Medium violation. The justification provided is for an annual license renewal, which aligns with policy allowing renewals to note whether the tool supports a specific client engagement or general internal work.",31.12
TXN-1098,Manager,Finance,Internal / No Client,Hilton Event Hall,Entertainment,1768.32,2026-06-20,"Team party for Finance - a group of 32, end-of-project wrap party",High,"The transaction is a team party submitted by a Manager, but the explicit client field indicates 'Internal / No Client', and only Executives have hosting rights for internal events. The per-person cost ($55.26) exceeds the cap of $100.",38.07
TXN-1099,Executive,HR,Atlas Capture,Unknown Vendor,Miscellaneous,86.52,2026-06-05,Postage for signed contract documents,None,"The Miscellaneous claim submitted by an Executive employee for postage related to a signed contract document is compliant with policy. The transaction amount ($86.52) is below the cap, and there are no eligibility or structural abuse issues.",28.04
TXN-1100,Executive,IT,Internal / No Client,Kestrel & Vine,Entertainment,169.44,2026-06-21,Dinner for 2,None,"The Executive employee is eligible to submit an Entertainment claim, and the per-person cost of $84.72 is below the cap of $100. No policy violations were found.",29.98
TXN-1101,Director,Operations,BlueWave Logistics,DB Bahn,Travel,249.21,2026-06-22,"2-day onsite client engagement; covers flights and 1 night hotel, meals billed separately",None,"The transaction is eligible under policy and does not exceed any relevant caps or conditions. The justification provided matches the documented business purpose, supporting a legitimate claim for travel expenses.",28.36
TXN-1102,Junior,Engineering,Internal / No Client,Slack,Software,294.71,2026-06-18,"Software subscription - design/collaboration tool, monthly seat renewal",High,"Junior employee attempting to claim Software & Subscription category, which they are not eligible for. The claimed amount ($294.71) exceeds the per-person cap of $50/seat/month.",26.15
TXN-1103,Senior,Finance,Internal / No Client,Vapiano (private room),Entertainment,480.76,2026-06-27,"Organized team party 17 of us, casual Friday team party",High,"The Senior employee is not permitted to organize or submit team party claims, making this transaction a High-level violation regardless of the per-person cost exceeding the cap.",36.81
TXN-1104,Executive,Marketing,Nova Retail GmbH,Hilton Restaurant,Entertainment,95.00,2026-06-14,"Dinner with client team (1 person, no guests) to finalize Q3 proposal",None,"The Executive-level employee is eligible to claim the 'Entertainment' category, and the claimed amount of $95.0 is within the per-person cap of $100 for Entertainment claims.",30.6
TXN-1105,Senior,Marketing,Nova Retail GmbH,Cash Withdrawal,Miscellaneous,442.28,2026-06-05,Trip cost,None,The Senior employee is eligible for the Miscellaneous category and the claimed amount ($442.28) is below the cap for Seniors ($600). There are no indications of structural abuse or policy non-compliance.,34.39
TXN-1106,Manager,Sales,Internal / No Client,Staples,Office Supplies,95.27,2026-06-05,Replacement keyboard and mouse for desk setup,None,"The transaction is compliant with policy as it falls within the allowed category for a Manager, has no cap violation, and does not exhibit structural abuse.",29.13
TXN-1107,Manager,IT,Internal / No Client,Cafe Einstein,Meals,33.60,2026-06-25,Solo lunch while working late on month-end close,None,"The transaction meets all eligibility criteria, and the claimed amount is below the per-person cap for Meals at the Manager level.",29.86
TXN-1108,Manager,Sales,Internal / No Client,Local Pub Berlin,Entertainment,1684.31,2026-06-20,"Team party for Sales - 43 of us, Q2 close celebration",High,"The Manager-level employee submitted an Entertainment claim with a per-person cost exceeding the $100 cap, and they lack hosting/party rights for internal events as per Section 6.",32.98
TXN-1109,Executive,Operations,Internal / No Client,Five Guys,Meals,34.56,2026-06-12,Breakfast meeting with manager to review weekly priorities (2 people),High,"The Executive employee submitted a Meals claim with 'Internal / No Client', which falls under Internal Entertainment/Team Event category, not eligible for Executives, regardless of the amount being below the cap.",30.83
TXN-1110,Junior,HR,Internal / No Client,Cafe Einstein,Meals,97.82,2026-06-28,Project discussion,High,"Junior employee attempting to claim Meals category, which is explicitly restricted at their level. Amount below cap but policy non-compliance results in High violation.",26.31
TXN-1111,Junior,Finance,BlueWave Logistics,Unknown Vendor,Miscellaneous,51.56,2026-06-17,SIM card / local data plan for business trip,High,"Junior employee attempting to claim Miscellaneous category, which is not eligible for their level. Claim amount ($51.56) is below the cap, but eligibility rules take precedence over caps.",33.65
TXN-1112,Junior,Operations,BlueWave Logistics,The Grand Bar,Entertainment,324.12,2026-06-29,Dinner with client team 3 of us to finalize Q3 proposal,High,"The Junior employee submitted an 'Entertainment' claim exceeding the per-person cap of $100, violating policy HE-FIN-004 v3.1 merged.",29.51
TXN-1113,Senior,HR,Meridian Health Systems,Zoom,Software,156.52,2026-06-22,Software subscription - used for client project deliverables,None,"The Senior employee is eligible for Software claims, and the transaction amount ($156.52) is below the category-specific cap of $50/seat/month. The justification provided ('Software subscription - used for client project deliverables') aligns with policy requirements.",30.71
TXN-1114,Executive,Operations,Internal / No Client,McFit,Miscellaneous,81.84,2026-06-27,Personal training session,Medium,"The transaction is for a Miscellaneous claim by an Executive with no specific client attached, which implies it's an internal event. Although the amount ($81.84) is below the cap, the lack of a clear business reason and client/project reference makes this a Medium violation.",43.27
TXN-1115,Junior,Engineering,Meridian Health Systems,Notion,Software,143.87,2026-06-22,Software subscription - annual license renewal for the department,High,"Junior employee attempting to claim Software subscription, which is not permitted under policy (Section 7.4).",27.47
TXN-1116,Senior,Finance,Meridian Health Systems,Cash Withdrawal,Miscellaneous,21.80,2026-06-06,SIM card / local data plan for business trip,None,"The transaction meets all eligibility and cap requirements for a Senior employee submitting a Miscellaneous claim, with a valid client attached and a legitimate justification provided.",35.98
TXN-1117,Executive,Marketing,Internal / No Client,Cafe Einstein,Entertainment,270.80,2026-06-09,Team lunch (4 people) to plan next quarter's roadmap,None,"The transaction is an internal event, and the Executive employee has hosting/party rights. The per-person cost of $67.7 is below the cap of $100, so there are no policy violations in this case.",34.32
TXN-1118,Manager,HR,Internal / No Client,Staples,Office Supplies,296.16,2026-06-02,Replacement keyboard and mouse for desk setup,None,"The transaction is compliant with the policy, as it falls within the allowed cap and there are no indications of basic role permissions or hosting rights issues for this transaction type.",31.23
TXN-1119,Junior,Engineering,Internal / No Client,Vapiano,Entertainment,59.16,2026-06-08,Team lunch a group of 2 to welcome a new team member,High,"Junior employee lacks basic role permissions for submitting 'Entertainment' claims, making this a High-level policy violation.",30.43
TXN-1120,Senior,Sales,Internal / No Client,Büro König,Office Supplies,97.56,2026-06-14,Monitor for hybrid home/office setup,None,"The transaction is compliant with policy HE-FIN-004 v3.1 merged, as the Senior-level employee has permission to submit Office Supplies claims up to $500 without prior approval, and the claimed amount ($97.56) is below this threshold.",33.1
TXN-1121,Executive,IT,Internal / No Client,Ryanair,Travel,645.14,2026-06-06,"5-day travel for internal training in Frankfurt; includes train, 4 nights hotel",High,"The transaction exceeds the per-person cap for Executive-level employees, making it a High violation. The justification provided does not change this outcome.",31.99
TXN-1122,Senior,IT,Atlas Capture,Starbucks,Entertainment,82.91,2026-06-23,Coffee/meal with client contact just me to walk through Q3 deliverables,None,"The transaction meets all eligibility and cap requirements for a Senior employee to submit an Entertainment claim with a named client/project. The justification is clear, and there are no structural abuse concerns.",32.01
TXN-1123,Director,Operations,Kestrel Finance Partners,Sixt Rent a Car,Travel,148.52,2026-06-25,"4-day onsite client engagement; covers flights and 3 nights hotel, meals billed separately",None,"The transaction is eligible under the policy for a Director-level employee, and the claimed amount is within the per-trip cap. No violations were found.",39.07
TXN-1124,Director,Engineering,Meridian Health Systems,DB Bahn,Travel,508.25,2026-06-08,"5-day onsite client engagement; covers flights and 4 nights hotel, meals billed separately",None,"The transaction is eligible for the Director-level employee, and the claimed amount seems reasonable given the justification. There's no indication of policy non-compliance or personal expenses hidden in a wrong category.",33.16
TXN-1125,Junior,Engineering,Meridian Health Systems,Chutnify Neukölln,Entertainment,345.96,2026-06-13,Coffee/meal with client contact a group of 4 to review project milestones,High,"Junior employee attempting to claim 'Entertainment' category, which is not permitted under policy HE-FIN-004 v3.1 merged.",30.42
TXN-1126,Junior,Finance,Internal / No Client,IKEA,Office Supplies,125.68,2026-06-05,Printer paper and toner for the office,High,"Junior employee attempting to claim Office Supplies category, which they are not eligible for according to policy (Section 6 and Section 7.5).",28.06
TXN-1127,Manager,Operations,Internal / No Client,Zoom,Software,131.64,2026-06-12,Software subscription - internal tooling for the team,None,"The transaction meets all eligibility criteria, and the claimed amount is within the Manager-level cap for Software & Subscriptions. The justification provided aligns with company policy for internal tooling purchases.",30.29
TXN-1128,Manager,IT,BlueWave Logistics,Chutnify Neukölln,Entertainment,292.60,2026-06-10,Coffee/meal with client contact team of 4 to walk through Q3 deliverables,None,"The transaction appears compliant as it involves a specific client, the employee is at an eligible level, and the per-person cost is within the cap. No structural abuse or other issues were found.",36.51
TXN-1129,Director,Marketing,Internal / No Client,Chutnify Neukölln,Meals,14.12,2026-06-24,Breakfast meeting with manager to review weekly priorities (2 people),None,"The transaction meets all eligibility criteria and the per-person cost is within the allowed cap, so there is no violation.",34.95
TXN-1130,Executive,Sales,Kestrel Finance Partners,Trainline,Travel,412.43,2026-06-19,"3-day onsite client engagement; covers flights and 2 nights hotel, meals billed separately",None,"The transaction is within policy guidelines for an Executive-level employee claiming Travel expenses. The client exists, and there's no indication of abuse or misclassification.",37.79
TXN-1131,Senior,Operations,Internal / No Client,Amazon,Office Supplies,204.35,2026-06-06,Printer paper and toner for the office,None,"The transaction is compliant with policy HE-FIN-004 v3.1 merged, as the Senior employee has permission to submit Office Supplies up to $500 without prior approval, and the claimed amount ($204.35) does not exceed this threshold.",31.19
TXN-1132,Manager,Operations,Internal / No Client,Vapiano (private room),Entertainment,1303.55,2026-06-26,"Team party for Operations - team of 31, new hire welcome party",High,"The transaction is a team party organized by a Manager, which exceeds the per-person cap for Entertainment ($100) and lacks explicit client involvement. This violates Section 7.2's hosting rights rule for Managers in internal events.",39.74
TXN-1133,Executive,Marketing,Internal / No Client,Vapiano,Meals,31.18,2026-06-21,Working lunch alone between back-to-back meetings,High,"The Executive-level employee is not eligible to submit a Meals claim without a named client visit, making this transaction a Level-Restricted violation under Section 9.6 regardless of amount.",28.48
TXN-1134,Junior,Marketing,Internal / No Client,Cash Withdrawal,Miscellaneous,211.78,2026-06-21,Misc,High,"The Junior employee is not eligible to submit a Miscellaneous claim, and the per-person cost exceeds the cap for claims above $200.",63.86
TXN-1135,Executive,Finance,Internal / No Client,Staples,Office Supplies,350.75,2026-06-03,"Office chair + monitor arm bundle, single receipt",High,"The Executive employee submitted an Office Supplies claim exceeding the $500 per-person cap, which is not permitted under Section 7.5 without prior approval. The justification provided does not indicate any exceptional circumstances or prior approval reference.",27.41
TXN-1136,Executive,Engineering,BlueWave Logistics,DB Bahn,Travel,459.19,2026-06-01,"3-day onsite client engagement; covers flights and 2 nights hotel, meals billed separately",None,The transaction is eligible for an Executive-level employee and is within the per-trip cap for Flights & Trains. No other policy violations or structural abuses were found.,35.87
TXN-1137,Junior,HR,BlueWave Logistics,Sixt Rent a Car,Travel,248.19,2026-06-12,"Cab fare - rainy day, client site",High,"Junior employees are not permitted to submit Travel claims, making this a High-level policy non-compliance.",29.59
TXN-1138,Director,Engineering,Internal / No Client,Cafe Einstein,Meals,23.40,2026-06-05,Working lunch alone between back-to-back meetings,None,"The transaction is eligible for reimbursement as a solo meal by a Director employee, and the claimed amount is within the per-person cap of $100.",31.11
TXN-1139,Senior,IT,Meridian Health Systems,Cafe Einstein,Entertainment,208.60,2026-06-21,Coffee/meal with client contact (4 people) following a successful sprint demo,None,"The transaction meets all eligibility criteria and does not exceed the per-person cap. The client is named, and there are no indications of personal expenses or vague justifications.",65.03
TXN-1140,Manager,Engineering,Kestrel Finance Partners,GitHub,Software,294.17,2026-06-20,"Software subscription - design/collaboration tool, monthly seat renewal",Medium,"The transaction exceeds the per-person cost cap for Software & Subscriptions, but since it's a Manager-level employee, they are not subject to this specific cap. However, the justification does not specify a client engagement or general internal work, which is required for reimbursement.",30.57
TXN-1141,Executive,Engineering,Meridian Health Systems,Zoom,Software,125.31,2026-06-07,Software subscription - annual license renewal for the department,Medium,"The Executive employee is eligible to claim Software & Subscriptions. However, the justification for this transaction is an annual license renewal, which should be noted as supporting a specific client engagement or general internal work. The claimed amount ($125.31) exceeds the implied cap of $75/seat/month by more than 25%, making it a Medium violation.",27.07
TXN-1142,Manager,Sales,Internal / No Client,Cafe Einstein,Meals,18.76,2026-06-17,Working lunch alone between back-to-back meetings,None,"The transaction is eligible under policy, passes cap checks, and does not exhibit structural abuse. The claimed amount of $18.76 is within the allowed limits for a Manager-level employee submitting a Meals claim.",30.07
TXN-1143,Junior,Finance,Internal / No Client,Local Bakery,Entertainment,79.01,2026-06-14,"Team lunch (1 person, no guests) to debrief after sprint retro",High,"Junior employee attempting to claim 'Entertainment' category, which is not permitted for their level. This is a High-level violation due to the explicit prohibition in policy text and Appendix E.",30.25
TXN-1144,Executive,Operations,Internal / No Client,Urban Sports Club,Miscellaneous,96.18,2026-06-10,Wellness subscription,None,"The transaction meets all eligibility criteria, including category and employee level. The claimed amount is below the applicable cap for Executives in the Miscellaneous category.",38.73
TXN-1145,Manager,Engineering,Internal / No Client,MediaMarkt,Office Supplies,425.00,2026-06-08,Ergonomic chair and monitor stand,None,"The transaction meets all eligibility and cap requirements for a Manager-level employee claiming Office Supplies, with no indication of structural abuse or personal expenses hidden in the wrong category.",32.62
TXN-1146,Senior,Marketing,Nova Retail GmbH,Cash Withdrawal,Miscellaneous,442.28,2026-06-05,Trip cost,None,The Senior employee is eligible for the Miscellaneous category and the claimed amount ($442.28) is below the cap for Seniors ($600). There are no indications of structural abuse or policy non-compliance.,37.59
TXN-1147,Director,Operations,Internal / No Client,MediaMarkt,Office Supplies,204.88,2026-06-13,Monitor for hybrid home/office setup,None,"The transaction is compliant with policy as it falls within the allowed category for a Director, and the claimed amount is below the cap. Justification text appears to be sufficient.",31.71
TXN-1148,Junior,Finance,Atlas Capture,GitHub,Software,166.56,2026-06-21,Software subscription - annual license renewal for the department,High,"Junior employee attempting to claim Software & Subscription category, which is not eligible for their level. This is a High violation regardless of the amount being below the cap.",27.49
TXN-1149,Manager,Marketing,BlueWave Logistics,Lufthansa,Travel,38.20,2026-06-13,"2-day onsite client engagement; covers flights and 1 night hotel, meals billed separately",None,The transaction is compliant with policy as a Manager-level employee is eligible for Travel claims and the claimed amount ($38.20) is below the cap of $600/trip.,43.97
TXN-1150,Senior,Finance,Internal / No Client,Local Bakery,Meals,9.92,2026-06-30,Snacks for office during all-hands meeting (approx 12 people),Medium,"The transaction is technically under the math cap, but since there is no named client or project attached, it's unclear if the Senior employee has permission to submit this category. This ambiguity warrants a Medium-level violation.",34.99
TXN-1151,Junior,Marketing,Internal / No Client,Hilton Restaurant,Entertainment,190.00,2026-06-10,Team dinner (2 people) after closing out the sprint,High,"The transaction is a team dinner submitted by a Junior employee, which is not permitted under policy (Section 7.1).",32.76
TXN-1152,Manager,Marketing,Kestrel Finance Partners,DB Bahn,Travel,19.90,2026-06-02,"5-day onsite client engagement; covers flights and 4 nights hotel, meals billed separately",High,"The Manager-level employee attempted to claim a flight without prior written approval from a Director, violating the policy in Section 7.3.1.",41.83
TXN-1153,Junior,HR,Internal / No Client,Starbucks,Meals,91.76,2026-06-27,Meeting,High,"Junior employees are not permitted to submit Meals claims, making this transaction a High-level violation regardless of the amount being below the cap.",27.8
TXN-1154,Manager,Sales,Internal / No Client,Staples,Office Supplies,448.95,2026-06-02,Printer paper and toner for the office,None,"The Manager-level employee is eligible for Office Supplies claims, and the transaction amount ($448.95) does not exceed the $500 cap. No other policy violations or structural abuses were detected.",34.35
TXN-1155,Director,Operations,Atlas Capture,Starbucks,Entertainment,280.35,2026-06-09,Coffee/meal with client contact 5 of us following a successful sprint demo,None,"The Director is eligible to claim Entertainment, and the per-person cost of $280.35 is below the cap of $100. No other policy violations or structural abuses were found.",35.82
TXN-1156,Junior,Marketing,Internal / No Client,Büro König,Office Supplies,86.43,2026-06-28,Printer paper and toner for the office,Medium,"Junior employee submitted an Office Supplies claim exceeding their eligibility. Although the amount is below the $500 cap, Junior employees are not permitted to submit this category at all (Section 6).",28.49
TXN-1157,Director,IT,Internal / No Client,Vapiano,Meals,39.08,2026-06-29,Working lunch alone between back-to-back meetings,None,"The transaction meets all eligibility and cap requirements for a Director employee claiming Meals category, with a solo meal justification and a per-person cost below the $100/person cap.",33.52
TXN-1158,Senior,Operations,BlueWave Logistics,Local Shop,Miscellaneous,40.28,2026-06-29,Parking fee during client site visit,None,"The transaction meets all eligibility criteria, and the claimed amount is within the Miscellaneous category's cap for Senior employees.",32.53
TXN-1159,Junior,IT,Meridian Health Systems,Uber,Travel,291.82,2026-06-12,Train ticket for 1-day client site visit,High,"Junior employee attempting to submit a 'Travel' claim, which is not permitted under policy. The claimed amount exceeds the Manager-level cap for local ground transport, but this is irrelevant due to Junior's lack of permission.",29.76
TXN-1160,Senior,Sales,BlueWave Logistics,PayPal Transfer,Miscellaneous,163.21,2026-06-09,SIM card / local data plan for business trip,None,"The transaction meets all eligibility requirements and is within the allowed cap, with a clear justification provided.",33.33
TXN-1161,Manager,Engineering,Internal / No Client,IKEA,Office Supplies,299.99,2026-06-13,Bulk office furniture order for the floor,None,"The Manager-level employee is eligible for Office Supplies claims, and the transaction amount ($299.99) does not exceed the $500 cap. No other policy violations or structural abuses were detected.",33.58
TXN-1162,Executive,Sales,Internal / No Client,Amazon,Miscellaneous,266.83,2026-06-22,Misc,None,"The transaction meets all eligibility criteria, is below the cap, and does not exhibit any signs of structural abuse or policy non-compliance. The justification text 'Misc' is vague but does not exceed the threshold for manual review at this amount.",32.06
TXN-1163,Executive,HR,Meridian Health Systems,Slack,Software,67.92,2026-06-02,"Software subscription - design/collaboration tool, monthly seat renewal",None,"The transaction meets all eligibility criteria and is within the allowed cap for an Executive employee, with a valid justification for a software subscription renewal.",29.41
TXN-1164,Senior,Finance,Internal / No Client,IKEA,Office Supplies,228.65,2026-06-12,"Ergonomic chair, approved by manager for back issues",None,"The Senior employee is eligible for Office Supplies claims, the transaction amount is within the allowed cap, and there are no signs of structural abuse. The justification provided appears legitimate, and all policy conditions are met.",32.79
TXN-1165,Executive,Sales,Internal / No Client,MediaMarkt,Office Supplies,236.80,2026-06-25,Monitor for hybrid home/office setup,None,"The transaction meets all eligibility criteria, is below the cap for Office Supplies, and does not exhibit any signs of structural abuse. The justification provided ('Monitor for hybrid home/office setup') seems reasonable for an Office Supplies claim.",30.77
TXN-1166,Junior,HR,Nova Retail GmbH,PayPal Transfer,Miscellaneous,171.63,2026-06-29,Small hardware adapter needed for client presentation,High,"Junior employee attempting to claim Miscellaneous category, which is not eligible for their level. This is a Level-Restricted Category violation under Section 9.6, regardless of amount.",32.73
TXN-1167,Director,IT,Internal / No Client,Staples,Office Supplies,210.41,2026-06-01,Printer paper and toner for the office,None,"The transaction is compliant with all policy requirements. The Director employee has permission to submit Office Supplies, and the claimed amount ($210.41) is below the $500 cap.",31.39
TXN-1168,Manager,Operations,Internal / No Client,Staples,Office Supplies,460.50,2026-06-24,New standing desk for the desk setup,None,"The transaction is compliant with policy guidelines for a Manager-level employee claiming Office Supplies, as the amount ($460.50) is below the $500 cap and the justification seems reasonable.",28.5
TXN-1169,Executive,Operations,Internal / No Client,Local Pub Berlin,Entertainment,91.77,2026-06-01,Team dinner team of 3 after project close,None,"The transaction is eligible for an Executive employee, and the claimed amount is within the per-person cap. However, we need to consider the justification provided: 'Team dinner team of 3 after project close'. Since it's a team event, we should check if the venue is a partner or not. The merchant venue is 'Local Pub Berlin', which might not be a partner. We'll flag this for manual review due to potential misclassification.",41.39
TXN-1170,Executive,Finance,Internal / No Client,Chutnify Neukölln,Meals,18.86,2026-06-12,Solo lunch while working late on month-end close,None,"The transaction is within policy limits for an Executive employee submitting a Meals claim with no specific client attached. The claimed amount ($18.86) is below the $100 per-person cap, and the justification text appears valid.",29.69
TXN-1171,Manager,Engineering,Nova Retail GmbH,Local Shop,Miscellaneous,136.51,2026-06-28,Parking fee during client site visit,None,"The transaction is eligible under the Miscellaneous category for a Manager, does not exceed any mentioned cap, and there are no indications of structural abuse or policy non-compliance.",34.73
TXN-1172,Manager,Operations,Internal / No Client,Cafe Einstein,Meals,39.26,2026-06-10,Breakfast meeting with manager to review weekly priorities (2 people),None,"The Manager-level employee is eligible to submit a Meals claim, and the transaction amount ($39.26) is below the per-person cap of $100.",35.76
TXN-1173,Senior,HR,Internal / No Client,DB Bahn,Travel,484.13,2026-06-29,"4-day travel for internal training in Frankfurt; includes train, 3 nights hotel",None,"The transaction is eligible for a Senior employee under Section 7.3.1, and there's no indication of any cap violations or structural abuse. The justification provided seems reasonable for an internal training trip.",33.45
TXN-1174,Director,Sales,Internal / No Client,The Grand Bar,Entertainment,154.37,2026-06-25,Team dinner team of 4 after project close,High,"The Director-level employee is attempting to submit an Internal Entertainment/Team Event claim for a team dinner, but they do not have the necessary hosting rights for this category. The per-person cost exceeds the cap, making it a High violation regardless of the amount.",45.11
TXN-1175,Executive,Operations,Internal / No Client,Local Pub Berlin,Entertainment,1109.55,2026-06-18,"Team party for Operations - (39 people), half-year team celebration",None,"The Executive employee is permitted to claim Entertainment expenses with 'Internal / No Client', and the transaction does not exceed the per-person cap of $100. The justification text also supports a legitimate business purpose for the team party.",38.13
TXN-1176,Senior,Finance,Internal / No Client,Büro König,Office Supplies,337.08,2026-06-07,Replacement keyboard and mouse for desk setup,High,"The Senior employee's Office Supplies claim exceeds the $500 single-transaction cap, making it a High violation regardless of the total transaction amount or justification.",49.23
TXN-1177,Senior,Marketing,Nova Retail GmbH,Cafe Einstein,Entertainment,427.85,2026-06-15,Coffee/meal with client contact (5 people) to walk through Q3 deliverables,None,The transaction meets all eligibility criteria and does not exceed the per-person cap for Entertainment claims by Senior employees with a named client/project.,43.08
TXN-1178,Junior,Finance,Internal / No Client,The Grand Bar (private room),Entertainment,490.77,2026-06-12,"Organized team party team of 19, project wrap-up party",High,"Junior employee submitted an Entertainment claim for a team party without hosting rights and exceeded the per-person cap, making it a High violation.",29.61
TXN-1179,Junior,Engineering,Nova Retail GmbH,DB Bahn,Travel,126.03,2026-06-07,Cab to client office and back,High,"Junior employee submitted a Travel category claim without using company-arranged transport, exceeding the Manager-level cap of $40 per instance. This is an automatic violation due to lack of basic role permissions for this transaction type.",32.54
TXN-1180,Executive,Engineering,Internal / No Client,Kestrel & Vine,Entertainment,141.22,2026-06-26,Dinner,High,"The transaction is an automatic violation because the per-person cost ($141.22) exceeds the cap of $100/person for Entertainment claims by Executives, regardless of the amount being below the total cap.",42.03
TXN-1181,Executive,Operations,Internal / No Client,Five Guys,Meals,11.21,2026-06-15,Snacks for office during all-hands meeting (approx 12 people),None,"The transaction meets all eligibility criteria and is within the per-person cap for Meals category at Executive level, with no structural abuse or policy non-compliance issues identified.",31.9
TXN-1182,Executive,Operations,Internal / No Client,Five Guys,Meals,41.87,2026-06-20,Breakfast meeting with manager to review weekly priorities (2 people),High,"The Executive employee submitted a Meals claim with 'Internal / No Client', which falls under Internal Entertainment/Team Event category, not eligible for Executives, regardless of the amount being below the cap.",29.75
TXN-1183,Senior,Sales,Internal / No Client,Vapiano,Meals,30.83,2026-06-08,Breakfast meeting with manager to review weekly priorities (2 people),High,"Senior-level employee attempting to claim Meals category without a named client/project attached, violating Section 7.1 and Appendix E's eligibility rules.",29.53
TXN-1184,Manager,Engineering,Internal / No Client,Vapiano,Meals,14.18,2026-06-23,Solo lunch while working late on month-end close,None,"The transaction meets all eligibility criteria, including category, employee level, and cap compliance. No policy violations detected.",28.35
TXN-1185,Executive,HR,Internal / No Client,MediaMarkt,Office Supplies,410.20,2026-06-03,Ergonomic chair and monitor stand,Medium,"The transaction is under the category of Office Supplies, which Executive employees are eligible for. However, the claimed amount exceeds the per-person cap without prior approval, making it a Medium violation due to non-compliance with policy thresholds.",35.34
TXN-1186,Executive,IT,Internal / No Client,Kestrel & Vine,Entertainment,251.61,2026-06-20,Group dinner (3 people),None,"The transaction is eligible for an Executive employee with a per-person cost of $83.87, which is within the cap of $100. No violations were found.",39.91
TXN-1187,Director,Sales,Internal / No Client,Local Pub Berlin,Entertainment,163.46,2026-06-05,Team dinner team of 5 after project close,Medium,"The transaction is under the Director's permission level and has a valid client field, but it exceeds the per-person cap for Entertainment category.",30.02
TXN-1188,Junior,Engineering,Internal / No Client,MediaMarkt,Office Supplies,480.00,2026-06-04,Bulk office furniture order for the floor,High,"Junior employee attempting to claim Office Supplies category, which is not permitted under policy. This is a High-level violation regardless of the amount being below the cap.",27.97
TXN-1189,Manager,Sales,Kestrel Finance Partners,Lufthansa,Travel,31.40,2026-06-11,"4-day onsite client engagement; covers flights and 3 nights hotel, meals billed separately",High,"The Manager-level employee is attempting to claim flights and hotel expenses without prior written approval from a Director, which is a clear violation of the policy. The transaction amount ($31.40) does not need to be compared to any cap since it's for flights and hotel, which are subject to separate caps that were not met.",59.15
TXN-1190,Director,Engineering,Internal / No Client,Cafe Einstein,Entertainment,49.03,2026-06-20,"Team lunch solo catch-up, no client involved",None,"The transaction is eligible under the policy, and the claimed amount is within the per-person cap for Entertainment claims. No violations were found.",38.57
TXN-1191,Director,Engineering,Internal / No Client,Officeworks,Office Supplies,425.21,2026-06-07,Printer paper and toner for the office,None,"The transaction is eligible for a Director employee, within the category's cap, and does not exhibit any signs of structural abuse. It passes all checks.",31.79
TXN-1192,Director,Finance,Internal / No Client,Vapiano (private room),Entertainment,2011.35,2026-06-16,"Team party for Finance - (55 people), Q2 close celebration",High,"The Director employee lacks basic role permissions or hosting rights for this transaction type, making it an automatic High violation, even though the per-person cost is below the cap.",41.98
TXN-1193,Manager,Operations,Internal / No Client,Amazon,Office Supplies,218.05,2026-06-21,Monitor for hybrid home/office setup,None,"The transaction meets all eligibility and cap requirements for a Manager-level employee claiming Office Supplies category, with no indication of structural abuse or personal expenses hidden in the wrong category.",30.97
TXN-1194,Junior,Finance,Atlas Capture,Chutnify Neukölln,Entertainment,247.50,2026-06-02,Coffee/meal with client contact 3 of us to review project milestones,Low,"Junior employee submitted an 'Entertainment' claim, which is not eligible. The claimed amount ($247.50) exceeds the per-person cap for Client Entertainment ($100/person), but this is a Low-level violation because it's not a High-severity cap breach.",37.59
TXN-1195,Senior,HR,Internal / No Client,Amazon,Miscellaneous,400.00,2026-06-13,general purchase,Medium,"The transaction is under the cap, but the justification 'general purchase' is vague and does not provide a specific description of what was purchased or why. This warrants a Medium-level violation due to policy non-compliance.",32.59
TXN-1196,Manager,Marketing,Meridian Health Systems,Sixt Rent a Car,Travel,24.60,2026-06-28,Expense - receipt attached,None,"The transaction is eligible for reimbursement as a Manager-level employee, and the claimed amount ($24.60) is within the cap of $40 per instance for minimal, local ground transport.",35.2
TXN-1197,Manager,Sales,Atlas Capture,Hilton Restaurant,Entertainment,340.08,2026-06-06,Dinner with client team team of 3 to finalize Q3 proposal,Medium,"The Manager submitted an Entertainment claim with a total amount of $340.08, which exceeds the per-person cap of $100 by more than 25%. This is a Medium violation due to the excessive amount claimed.",45.8
TXN-1198,Manager,Finance,Internal / No Client,IKEA,Office Supplies,391.55,2026-06-17,Printer paper and toner for the office,None,"The transaction is compliant with policy HE-FIN-004 v3.1 merged, as the Manager employee is eligible for Office Supplies claims and the claimed amount ($391.55) does not exceed the $500 cap.",31.24
TXN-1199,Director,IT,Internal / No Client,Villa Kessler,Meals,181.06,2026-06-12,Dinner - 2 people,None,"The transaction meets all eligibility criteria and is within the allowed per-person cost limit, making it compliant with policy HE-FIN-004 v3.1 merged.",36.51
TXN-1200,Director,Engineering,Internal / No Client,Büro König,Office Supplies,350.75,2026-06-21,"Office chair + monitor arm bundle, single receipt",None,"The Director-level employee is eligible for Office Supplies claims, and the claimed amount ($350.75) does not exceed the $500 threshold. There are no specific conditions or caps violated in this transaction.",39.29
