id,employee_category,corrected_category,amount,description,violation,reasoning,execution_time_sec
TXN-1001,Software,Software & Subscriptions,218.58,"Software subscription - design/collaboration tool, monthly seat renewal",None,"The transaction description mentions a 'software subscription - design/collaboration tool, monthly seat renewal', which aligns with the policy definition for Software & Subscriptions (Section 7.7). The employee's claimed category was inaccurate, but the correct category is clearly defined by the item description.",26.28
TXN-1002,Software,Software & Subscriptions,83.89,"Software subscription - design/collaboration tool, monthly seat renewal",None,"The transaction description mentions a 'software subscription - design/collaboration tool, monthly seat renewal', which aligns with the policy definition for Software & Subscriptions (Section 7.7). The employee's claimed category was inaccurate, but the correct category is clearly defined by the item description.",18.46
TXN-1003,Entertainment,Client Entertainment,380.00,Dinner with client team (4 people) to finalize Q3 proposal,None,"The transaction description 'Dinner with client team (4 people) to finalize Q3 proposal' indicates a business-related meal with clients, which falls under the Client Entertainment category. The policy allows for Client Entertainment claims of up to $100 per person, and since there are four attendees including the employee, the total amount of 380.00 exceeds this limit.",24.06
TXN-1004,Office Supplies,Miscellaneous,300.00,general purchase,None,"The transaction description 'general purchase' does not specify a business purpose or client/project name, but it is not marked as personal. Therefore, it falls under the Miscellaneous category, which requires a clear business purpose. The amount of $300.00 is within the spending cap for this category.",20.58
TXN-1005,Entertainment,Entertainment,314.16,Team dinner a group of 2 after closing out the sprint,None,"The transaction description 'Team dinner a group of 2 after closing out the sprint' indicates a client-facing event, which falls under the Entertainment category. The policy allows for reimbursement up to $100 per person, and since there are only two attendees, the total amount of $314.16 is within the limit.",22.5
TXN-1006,Travel,Travel,276.77,"2-day onsite client engagement; covers flights and 1 night hotel, meals billed separately",None,The transaction description mentions a '2-day onsite client engagement' which indicates that the travel is for business purposes and related to a specific client. This matches the policy definition of Client-Billable expenses under the Travel category.,20.0
TXN-1007,Wi-Fi,Wi-Fi/Connectivity,8.50,Hotel WiFi during client site visit,None,"The transaction description 'Hotel WiFi during client site visit' matches the policy definition for Wi-Fi/Connectivity, which is a reimbursable expense category for Junior employees. The amount of $8.50 is within the allowed limit of $15 per instance.",19.58
TXN-1008,Wi-Fi,Wi-Fi/Connectivity,10.10,Hotel WiFi during client site visit,None,"The transaction description 'Hotel WiFi during client site visit' matches the policy definition for Wi-Fi/Connectivity, which is a reimbursable expense category for Junior employees. The amount of $10.10 is within the allowed limit of $15 per instance.",13.67
TXN-1009,Wi-Fi,Wi-Fi/Connectivity,12.00,Airport WiFi while traveling for business,None,"The transaction description 'Airport WiFi while traveling for business' matches the policy definition of Wi-Fi/Connectivity, which is the only eligible category for Junior-level employees. This expense falls within the allowed limits and does not require a detailed explanation.",19.18
TXN-1010,Entertainment,Client Entertainment,57.99,Coffee/meal with client contact a group of 3 following a successful sprint demo,None,"The transaction description 'Coffee/meal with client contact a group of 3 following a successful sprint demo' indicates that the expense is related to a client, which aligns with the policy definition for Client Entertainment. The employee claimed it as 'Entertainment', but based on the description, it should be categorized under Client Entertainment.",21.68
TXN-1011,Entertainment,Meals,119.55,"Team lunch team of 5 catch-up, no client involved",None,"The transaction description 'Team lunch team of 5 catch-up, no client involved' indicates a meal for employees, which is eligible under the Meals category. The policy states that meals can be submitted by employees at Manager level and above, but since there's no indication that this employee is below Manager level, we assume they are eligible to submit this claim.",21.4
TXN-1012,Entertainment,Client Entertainment,102.95,Coffee/meal with client contact a group of 5 following a successful sprint demo,None,"The transaction description 'Coffee/meal with client contact a group of 5 following a successful sprint demo' indicates that the expense is related to a client, which aligns with the Client Entertainment category. The policy allows for Client Entertainment expenses up to $100 per person.",17.88
TXN-1013,Entertainment,Meals & Entertainment,631.24,Team dinner 4 of us after closing out the sprint,Low,"The transaction description 'Team dinner 4 of us after closing out the sprint' indicates a meal for multiple people, which is eligible under the Meals category. However, since the employee claimed it as 'Entertainment', it was miscategorized. The amount $631.24 exceeds the cap of $100 per person, but this is not a high-risk claim as it's a team event and not a personal expense.",24.88
TXN-1014,Software,Software & Subscriptions,107.04,"Software subscription - design/collaboration tool, monthly seat renewal",None,"The transaction description mentions a 'software subscription - design/collaboration tool, monthly seat renewal', which aligns with the policy definition for Software & Subscriptions (Section 7.7). The employee's claimed category was inaccurate, but the true category is clearly defined by the item description.",16.62
TXN-1015,Entertainment,Meals & Client Entertainment,97.02,Coffee/meal with client contact (3 people) to review project milestones,None,"The transaction description mentions a 'meal with client contact' which implies that the expense is related to a business purpose, specifically client entertainment. This category aligns with policy definitions for Meals & Client Entertainment (3.1).",42.91
TXN-1016,Entertainment,Client Entertainment,602.72,Dinner with client team team of 4 to finalize Q3 proposal,None,"The transaction description 'Dinner with client team of 4 to finalize Q3 proposal' indicates a business purpose tied to a specific client, which aligns with the policy definition for Client Entertainment. The employee's claim was initially categorized as 'Entertainment', but based on the policy text and transaction details, it is clear that this expense should be marked as Client Entertainment.",18.46
TXN-1017,Travel,Travel,35.00,"5-day onsite client engagement; covers flights and 4 nights hotel, meals billed separately",None,"The transaction description '5-day onsite client engagement; covers flights and 4 nights hotel, meals billed separately' indicates a business trip with multiple components (flights, hotel, meals). According to policy, the Travel category is eligible for ground transport, flights, trains on a reasonable basis. The description also mentions a client engagement, which aligns with the Client-Billable vs. Internal Expenses policy.",21.01
TXN-1018,Entertainment,Team Events / Company Parties,1936.00,"Organized team party a group of 40, birthday celebration for a teammate",High,"The employee claimed category was 'Entertainment', but the description indicates a team party for 40 people, which is not eligible for Senior employees. According to policy, team parties are restricted to Manager level and above.",19.98
TXN-1019,Entertainment,Meals & Client Entertainment,93.95,Project discussion,None,"The transaction description 'Project discussion' suggests a client-facing or team meeting, which is eligible for reimbursement under the Meals & Client Entertainment category. The employee's claimed category was incorrect, but based on the policy text and description, this expense should be categorized as Meals & Client Entertainment.",21.61
TXN-1020,Entertainment,Meals,81.11,"Team lunch (1 person, no guests) to debrief after sprint retro",None,"The transaction description 'Team lunch (1 person, no guests) to debrief after sprint retro' indicates a meal-related expense. According to the policy, meals are eligible for reimbursement at Manager level and above, but since this employee is not specified as being at that level, it's unclear if they should be reimbursed. However, given the description, it's clear that this is a meal-related expense, so we'll categorize it as 'Meals'.",28.52
TXN-1021,Software,Software & Subscriptions,272.78,Software subscription - used for client project deliverables,None,"The transaction description 'Software subscription - used for client project deliverables' matches the policy definition in Section 7.7, which states that recurring software and SaaS subscriptions are reimbursable when there is a genuine work use, stated in the justification.",19.09
TXN-1022,Entertainment,Wellness,60.43,Monthly gym membership - stress relief,High,"The transaction description 'Monthly gym membership - stress relief' clearly indicates a personal wellness expense, which is never reimbursable according to the corporate policy.",17.73
TXN-1023,Travel,Travel,236.38,"2-day onsite client engagement; covers flights and 1 night hotel, meals billed separately",None,The transaction description mentions a '2-day onsite client engagement' which indicates that the travel is for business purposes and related to a specific client. This matches the policy definition of Client-Billable expenses under the Travel category.,14.04
TXN-1024,Entertainment,Meals,144.84,Team lunch a group of 3 to plan next quarter's roadmap,None,"The transaction description 'Team lunch a group of 3 to plan next quarter's roadmap' indicates a meal for business purposes, which is eligible under the Meals category. The policy allows Manager level and above employees to submit Meal claims, and this employee's claim does not exceed any spending caps or limits.",23.33
TXN-1025,Software,Software & Subscriptions,87.04,Software subscription - used for client project deliverables,None,"The transaction description 'Software subscription - used for client project deliverables' matches the policy definition in Section 7.7, which states that recurring software and SaaS subscriptions are reimbursable when there is a genuine work use, stated in the justification.",15.07
TXN-1026,Entertainment,Team Events / Company Parties,1290.56,"Organized team party a group of 37, project wrap-up party",Violation,"The transaction description 'Organized team party a group of 37, project wrap-up party' matches the policy definition for Team Events / Company Parties. However, according to the policy, only Manager level and above are authorized to organize or file claims for team parties. Since the employee is Senior (not Manager), this is a violation.",21.82
TXN-1027,Entertainment,Entertainment,174.25,Team dinner a group of 3 after project close,None,"The transaction description 'Team dinner a group of 3 after project close' indicates a client-facing event, which falls under the Entertainment category. The policy allows for reimbursement up to $100 per person, and since there are three attendees, the total amount of $174.25 is within the limit.",18.47
TXN-1028,Entertainment,Wellness,91.92,Wellness subscription,High,"The transaction description 'Wellness subscription' matches the policy definition for non-reimbursable wellness and fitness costs, including gym memberships, personal training, fitness apps, or wellness subscriptions of any kind. This is explicitly stated in sections 8. Personal & Non-Reimbursable Expenses and 3.4 Key Terms.",21.06
TXN-1029,Entertainment,Meals & Client Entertainment,37.88,Coffee/meal with client contact (2 people) to review project milestones,None,"The transaction description 'Coffee/meal with client contact (2 people) to review project milestones' indicates a business meal with a client, which falls under the Meals & Client Entertainment category. The employee's claimed category was incorrect, but based on the policy text, this expense is eligible for reimbursement as it meets the conditions of being necessary and reasonable for doing their job or serving a client.",19.98
TXN-1030,Software,Software & Subscriptions,68.83,Software subscription - annual license renewal for the department,None,"The transaction description 'Software subscription - annual license renewal for the department' matches the policy definition for Software & Subscriptions, which requires a business justification. The employee claimed category was inaccurate and has been corrected.",20.11
TXN-1031,Entertainment,Meals & Client Entertainment,243.80,Coffee/meal with client contact 4 of us to review project milestones,None,"The transaction description 'Coffee/meal with client contact 4 of us to review project milestones' indicates a business meal with clients, which falls under the Meals & Client Entertainment category. The employee's manager level is not specified in this transaction, but based on the policy, Manager level and above are eligible to submit Meal claims.",18.04
TXN-1032,Wi-Fi,Wi-Fi/Connectivity,14.20,Airport WiFi while traveling for business,None,"The transaction description 'Airport WiFi while traveling for business' matches the policy definition of Wi-Fi/Connectivity, which is the only eligible category for Junior-level employees. This expense falls within the allowed limits and does not require a detailed explanation.",14.41
TXN-1033,Office Supplies,Office Supplies,188.61,Monitor for hybrid home/office setup,None,"The transaction description 'Monitor for hybrid home/office setup' matches the policy definition of Office Supplies, which includes home-office equipment. The amount $188.61 is below the single-transaction limit of $500.",21.38
TXN-1034,Entertainment,Meals & Client Entertainment,142.77,Meeting,None,"The transaction description 'Meeting' suggests a business-related activity, but it does not specify whether the meeting was client-facing or internal. However, since the employee is at Manager level and above (as implied by the policy), they are eligible to submit meal claims. Therefore, this expense should be categorized as Meals & Client Entertainment.",22.57
TXN-1035,Entertainment,Entertainment,95.95,Team dinner 3 of us after project close,None,"The transaction description 'Team dinner 3 of us after project close' indicates a client-facing event, which falls under the Entertainment category. The policy allows for reimbursement of client entertainment expenses up to $100 per person.",17.61
TXN-1036,Entertainment,Meals,129.10,Coffee/meal with client contact (5 people) following a successful sprint demo,None,"The transaction description 'Coffee/meal with client contact (5 people) following a successful sprint demo' indicates a group meal, which is reimbursable under the Meals category. The policy defines 'per-person cost' as the total amount of a group meal divided by the number of attendees, including the employee. In this case, the per-person cost would be 129.10 / 5 = 25.82, which is within the approved limit for meals.",21.95
TXN-1037,Office Supplies,Office Supplies,222.80,Monitor for hybrid home/office setup,None,"The transaction description 'Monitor for hybrid home/office setup' matches the policy definition of Office Supplies, which includes home-office equipment. The amount $222.80 is below the single-transaction limit of $500.",12.56
TXN-1038,Meals,Meals,33.02,Solo lunch while working late on month-end close,Low,"The employee claimed a solo lunch while working late on month-end close, which is reimbursable up to $40 for Manager-level employees and above. However, the employee's level is not specified in this transaction, but based on the policy, it seems that Senior employees are not eligible for Meals claims. Therefore, this is considered a Low violation.",19.95
TXN-1039,Wi-Fi,Wi-Fi/Connectivity,14.99,Hotel WiFi during business travel,None,"The transaction description 'Hotel WiFi during business travel' matches the policy definition for Wi-Fi/Connectivity, which is the only expense category available to Junior-level employees. This category has no spending caps or limits mentioned in the policy text.",18.04
TXN-1040,Entertainment,Meals & Entertainment,213.04,Team dinner 2 of us after closing out the sprint,None,"The transaction description 'Team dinner 2 of us after closing out the sprint' indicates a meal for two people, which is eligible under the Meals category. The employee's claimed category was incorrect, but based on the policy text, this expense should be categorized as Meals & Entertainment.",16.24
TXN-1041,Miscellaneous,Software & Subscriptions,27.18,Small hardware adapter needed for client presentation,None,"The transaction description mentions a 'small hardware adapter needed for client presentation', which falls under the category of Software & Subscriptions. This category is eligible for reimbursement up to $500 per single transaction without prior approval, and since the amount is within this limit, there is no violation.",19.12
TXN-1042,Entertainment,Team Parties / Company Events,1449.30,"Organized team party (30 people), project wrap-up party",High,"The transaction description mentions a 'project wrap-up party' for 30 people, which is restricted to Manager level and above. The employee submitted as Senior, so this is a violation of the hosting rights rule.",31.32
TXN-1043,Travel,Ground Transport,199.99,"Cab ride, was running late for the client meeting",None,"The transaction description 'Cab ride, was running late for the client meeting' indicates a transportation expense related to business travel. According to policy (Section 3.3), such expenses are categorized as Ground Transport. The amount of $199.99 is within the allowed cap of $40/instance for Manager-level employees.",22.12
TXN-1044,Entertainment,Meals & Client Entertainment,210.28,Dinner with client team a group of 2 to finalize Q3 proposal,None,"The transaction description 'Dinner with client team a group of 2 to finalize Q3 proposal' indicates a business purpose related to a client, which aligns with the policy definition for Meals & Client Entertainment. The employee's claimed category was incorrect, but based on the description, this expense should be categorized as Meals & Client Entertainment.",18.35
TXN-1045,Entertainment,Team Events / Company Parties,1743.44,"Organized team party (37 people), birthday celebration for a teammate",High,"The employee claimed category is 'Entertainment', but the description mentions a team party for 37 people, which is not eligible for Manager level and above employees. The policy restricts team parties to Manager level and above, and this transaction exceeds the per-person cost limit of $100.",22.03
TXN-1046,Miscellaneous,Travel,16.26,Parking fee for office day,None,"The transaction description 'Parking fee for office day' indicates a legitimate business cost related to travel, which is allowed in the Travel category. The policy defines this category as including costs such as parking during a client visit.",20.36
TXN-1047,Wi-Fi,Wi-Fi / Connectivity,9.99,Conference venue WiFi day pass,None,"The transaction description 'Conference venue WiFi day pass' matches the policy category for Wi-Fi/Connectivity, which is the only eligible expense category for Junior-level employees. The amount of $9.99 does not exceed the spending cap for this category.",20.87
TXN-1048,Entertainment,Entertainment,117.94,"Evening dinner, 2 guests",None,"The transaction description 'Evening dinner, 2 guests' indicates a client-facing event, which falls under the Entertainment category. The policy allows for alcohol to be logged as part of an Entertainment claim, and there is no indication that this was a personal expense.",18.37
TXN-1049,Wi-Fi,Wi-Fi/Connectivity,6.50,"Hotel WiFi, client project trip",None,"The transaction description 'Hotel WiFi, client project trip' matches the policy definition for Wi-Fi/Connectivity (7.7), which is the only reimbursable category for Junior employees.",13.97
TXN-1050,Entertainment,Entertainment,580.52,Team dinner a group of 4 after closing out the sprint,None,"The transaction description 'Team dinner a group of 4 after closing out the sprint' indicates a client-facing event, which falls under the Entertainment category. The policy allows for reimbursement up to $100 per person, and since there are 4 attendees, the total amount of $580.52 exceeds this limit. However, the excess above $100 per person is the employee's responsibility.",21.46
TXN-1051,Miscellaneous,Miscellaneous,247.09,general purchase,Low,"The transaction description 'general purchase' does not meet the policy's documentation requirements for the Miscellaneous category. According to Section 7.6, generic labels such as 'Misc', 'Other', or 'expense' are not acceptable. However, since this is a legitimate one-off business cost and the employee is senior level (above), it falls under the Miscellaneous category. The amount of $247.09 does not exceed any specific spending cap for this category.",21.65
TXN-1052,Wi-Fi,Wi-Fi / Connectivity,11.25,Airport WiFi during layover for client visit,None,"The transaction description 'Airport WiFi during layover for client visit' matches the policy definition of Wi-Fi/Connectivity, which is the only reimbursable category for Junior employees. The amount $11.25 is within the cap of $15 per instance.",19.98
TXN-1053,Travel,Travel,541.41,"3-day travel for internal training in Frankfurt; includes train, 2 nights hotel",None,"The transaction description mentions '3-day travel for internal training in Frankfurt; includes train, 2 nights hotel', which aligns with the policy's definition of Travel. The employee claimed category was incorrect, but the actual category is clearly defined by the description.",19.2
TXN-1054,Meals,Meals & Client Entertainment,10.99,Breakfast meeting with manager to review weekly priorities (2 people),None,"The transaction description mentions a 'breakfast meeting with manager to review weekly priorities', which implies a business purpose. The policy allows meal claims for employees at Manager level and above, and this employee is likely at that level or higher. Therefore, the corrected category is Meals & Client Entertainment.",19.69
TXN-1055,Entertainment,Client Entertainment,179.68,Coffee/meal with client contact team of 4 to walk through Q3 deliverables,None,"The transaction description 'Coffee/meal with client contact team of 4 to walk through Q3 deliverables' indicates a business purpose related to a client, which aligns with the policy definition for Client Entertainment. The employee's claim was initially categorized as 'Entertainment', but based on the policy text and transaction details, it is clear that this expense should be classified under Client Entertainment.",21.09
TXN-1056,Entertainment,Team Events / Company Parties,1737.68,"Organized team party 29 of us, casual Friday team party",High,"The employee claimed the category as 'Entertainment', but the description mentions a team party for 29 people, which is not eligible for Senior employees. According to policy, team events/parties are restricted to Manager level and above.",18.14
TXN-1057,Travel,Travel,613.97,"3-day onsite client engagement; covers flights and 2 nights hotel, meals billed separately",None,"The transaction description '3-day onsite client engagement; covers flights and 2 nights hotel, meals billed separately' indicates a business trip with multiple components (flights, hotel, meals). According to the policy, this falls under the Travel category. The employee has correctly separated meal expenses into a separate claim.",19.06
TXN-1058,Wi-Fi,Wi-Fi/Connectivity,13.80,Hotel WiFi during overnight business trip,None,"The transaction description 'Hotel WiFi during overnight business trip' matches the policy definition for Wi-Fi/Connectivity, which is the only expense category available to Junior-level employees. This category has no spending caps or limits mentioned in the policy text.",12.72
TXN-1059,Miscellaneous,Meals & Entertainment,264.91,general purchase,Low,"The transaction description 'general purchase' is too vague and does not meet the documentation requirements for the Miscellaneous category. However, based on the policy text, a general purchase can be considered as a meal or entertainment expense if it has a business purpose. Since no client name is mentioned, this is marked as an internal expense. The amount of $264.91 exceeds the typical meal cost, so further investigation is required to determine its legitimacy.",16.13
TXN-1060,Office Supplies,Office Supplies,251.60,Replacement keyboard and mouse for desk setup,None,"The transaction description 'Replacement keyboard and mouse for desk setup' matches the policy definition of Office Supplies, which includes home-office equipment. The employee is senior level, so they are eligible for this category. The amount of $251.60 is below the single-transaction limit of $500.",20.06
TXN-1061,Entertainment,Client Entertainment,205.23,Coffee/meal with client contact a group of 3 following a successful sprint demo,None,"The transaction description 'Coffee/meal with client contact a group of 3 following a successful sprint demo' indicates that the expense is related to a client, which aligns with the policy definition for Client Entertainment. The employee claimed it as 'Entertainment', but based on the description, it should be categorized under Client Entertainment.",18.5
TXN-1062,Software,Software & Subscriptions,284.24,Software subscription - annual license renewal for the department,None,"The transaction description 'Software subscription - annual license renewal for the department' matches the policy definition for Software & Subscriptions, which requires a business justification. The employee claimed category was inaccurate and has been corrected.",12.15
TXN-1063,Office Supplies,Office Furniture,480.00,Bulk office furniture order for the floor,None,"The transaction description 'Bulk office furniture order for the floor' matches the policy definition of Office Supplies, but since it exceeds the $500 limit without prior approval, it requires written pre-approval from a Manager or above. However, given that the employee claimed category was already Office Supplies and the amount is below the threshold for requiring prior approval, we consider this transaction to be within policy limits.",20.54
TXN-1064,Entertainment,Team Events / Company Parties,1403.10,"Organized team party 45 of us, birthday celebration for a teammate",High,"The employee claimed category is 'Entertainment', but the item description/justification mentions a team party for 45 people, which is not eligible for Senior employees. According to policy, team parties are restricted to Manager level and above.",16.3
TXN-1065,Entertainment,Client Entertainment,525.96,Dinner with client team team of 4 to finalize Q3 proposal,None,"The transaction description 'Dinner with client team of 4 to finalize Q3 proposal' indicates a business purpose tied to a specific client, which aligns with the policy definition for Client Entertainment. The employee's claim was initially categorized as 'Entertainment', but based on the policy text and transaction details, it is clear that this expense should be marked as Client Entertainment.",16.13
TXN-1066,Travel,Travel,371.02,"2-day travel for internal training in Frankfurt; includes train, 1 night hotel",None,"The transaction description '2-day travel for internal training in Frankfurt; includes train, 1 night hotel' matches the policy definition for Travel (per trip) category. The amount of $371.02 is below the spending cap of $4,000 for Director-level employees.",19.37
TXN-1067,Meals,Meals,19.63,Snacks for office during all-hands meeting (approx 12 people),Low,"The transaction description 'Snacks for office during all-hands meeting (approx 12 people)' indicates a group meal, which is reimbursable. However, the amount of $19.63 is below the per-person limit of $100, but above the solo meal limit of $40. Since there's no indication that this was a solo meal, it falls under the team meals category.",22.1
TXN-1068,Entertainment,Wellness,48.78,Wellness subscription,High,"The transaction description 'Wellness subscription' matches the policy definition of a non-reimbursable expense under section 8. Personal & Non-Reimbursable Expenses, which explicitly excludes gym memberships, personal training, fitness apps, or wellness subscriptions of any kind.",14.01
TXN-1069,Entertainment,Meals,137.20,Work session,None,"The transaction description 'Work session' implies a meal or food-related expense, which falls under the Meals category. The policy requires client-billable expenses to include a specific client name, but this is not applicable in this case. Therefore, no violation is assigned.",15.99
TXN-1070,Miscellaneous,Miscellaneous,248.21,general purchase,Low,"The transaction description 'general purchase' does not meet the policy's documentation requirements for the Miscellaneous category. According to Section 7.6, generic labels such as 'Misc', 'Other', or 'expense' are not acceptable. However, since this is a legitimate one-off business cost and the employee is senior level (above), it falls under the Miscellaneous category. The amount of $248.21 does not exceed any specific spending cap for this category.",16.67
TXN-1071,Entertainment,Personal & Non-Reimbursable Expenses,117.20,Personal training session,High,"The transaction description 'Personal training session' indicates a cost primarily benefiting the employee or their family/friends outside of a genuine, describable business purpose. According to policy section 4, General Principles, and section 8, Personal & Non-Reimbursable Expenses, this type of expense is not reimbursable.",17.26
TXN-1072,Software,Software & Subscriptions,249.12,Software subscription - annual license renewal for the department,None,"The transaction description 'Software subscription - annual license renewal for the department' matches the policy definition for Software & Subscriptions, which requires a business justification. The employee provided a justification for the tool's purpose in their initial claim and noted that it supports general internal work.",13.34
TXN-1073,Software,Software & Subscriptions,55.56,"Software subscription - design/collaboration tool, monthly seat renewal",None,"The transaction description mentions a 'software subscription - design/collaboration tool, monthly seat renewal', which aligns with the policy definition for Software & Subscriptions (Section 7.7). The employee's claimed category was inaccurate, but the correct category is clearly defined by the item description.",14.14
TXN-1074,Miscellaneous,Personal expense,200.00,Other,High,"The transaction description 'Other' is vague and does not provide a clear business purpose. According to the policy, generic labels such as 'Misc', 'Other', or 'expense' are not acceptable in the Miscellaneous category. Furthermore, the employee claimed this expense under the Miscellaneous category, which is only eligible for senior-level employees and requires tight documentation. The description does not specify what was purchased or why, indicating a personal expense rather than a legitimate business cost.",22.51
TXN-1075,Miscellaneous,Miscellaneous,253.58,various,Low,"The transaction description 'various' is vague and does not meet the policy's documentation requirement for the Miscellaneous category. However, it does not explicitly indicate a personal expense or violate any other policy restrictions.",12.73
TXN-1076,Wi-Fi,Wi-Fi/Connectivity,7.40,Local data/WiFi hotspot for remote work day,None,"The transaction description 'Local data/WiFi hotspot for remote work day' matches the policy definition of Wi-Fi/Connectivity, which is the only eligible category for Junior-level employees. The amount of $7.40 does not exceed the cap of $15.",19.53
TXN-1077,Travel,Travel,591.96,"4-day travel for internal training in Frankfurt; includes train, 3 nights hotel",None,"The transaction description mentions '4-day travel for internal training in Frankfurt; includes train, 3 nights hotel', which aligns with the policy's definition of Travel. The employee claimed category was incorrect, but the actual category is Travel.",16.36
TXN-1078,Travel,Miscellaneous,200.00,expense,Low,"The transaction description 'expense' is vague and does not provide a clear business purpose. According to the policy, Miscellaneous expenses are allowed without limitation, but they must still have a describable business purpose. Since this expense lacks any details about its business purpose or client/project tie-in, it is categorized as Miscellaneous with a Low violation level.",16.95
TXN-1079,Miscellaneous,Wi-Fi / Connectivity,125.80,SIM card / local data plan for business trip,None,The transaction description 'SIM card / local data plan for business trip' matches the policy definition of a Junior-Eligible Expense under Wi-Fi/Connectivity category. This expense is permitted for junior employees and does not exceed any spending caps or limits.,18.08
TXN-1080,Travel,Travel,180.44,Train ticket for 1-day client site visit,None,"The transaction description 'Train ticket for 1-day client site visit' indicates a business-related expense, specifically travel to a client site. This matches the policy definition of Travel expenses, which are eligible for reimbursement.",20.17
TXN-1081,Meals,Meals,14.48,Working lunch alone between back-to-back meetings,None,"The transaction description 'Working lunch alone between back-to-back meetings' indicates a solo meal, which is reimbursable up to $40 for Manager-level employees and above. The employee's level is not specified in the provided data, but based on the policy, this category would be correct regardless of the employee's level.",53.11
TXN-1082,Entertainment,Client Entertainment,319.12,Coffee/meal with client contact (4 people) following a successful sprint demo,None,"The transaction description mentions a 'client contact' and a 'sprint demo', indicating that the expense is related to client entertainment. The policy allows for Client Entertainment expenses, which can be submitted by employees at any level.",14.05
TXN-1083,Software,Software & Subscriptions,73.11,Software subscription - annual license renewal for the department,None,"The transaction description 'annual license renewal for the department' indicates a business justification is required, which aligns with the Software & Subscriptions category. The employee claimed category was 'Software', but this is not accurate according to the policy text.",10.69
TXN-1084,Software,Software & Subscriptions,69.97,Software subscription - annual license renewal for the department,None,"The transaction description 'Software subscription - annual license renewal for the department' matches the policy definition for Software & Subscriptions, which requires a business justification. The employee claimed category was inaccurate and has been corrected.",8.77
TXN-1085,Meals,Meals,37.73,Working lunch alone between back-to-back meetings,None,"The transaction description 'Working lunch alone between back-to-back meetings' indicates a solo meal, which is reimbursable up to $40 for Manager-level employees and above. The employee's level is not specified in the provided data, but based on the policy, this category would be correct regardless of the employee's level.",10.25
TXN-1086,Travel,Travel,507.62,"4-day onsite client engagement; covers flights and 3 nights hotel, meals billed separately",None,"The transaction description mentions a '4-day onsite client engagement' which indicates that the travel is for business purposes. The policy allows for reasonable and documented transport costs, including flights and hotel stays. Therefore, the corrected category is Travel.",11.94
TXN-1087,Travel,Travel,28.50,"2-day onsite client engagement; covers flights and 1 night hotel, meals billed separately",None,The transaction description mentions a '2-day onsite client engagement' which indicates that the travel is for business purposes and related to a specific client. This matches the policy definition of Client-billable expenses under the Travel category.,11.91
TXN-1088,Entertainment,Meals,191.58,Team lunch 3 of us to welcome a new team member,None,"The transaction description 'Team lunch 3 of us to welcome a new team member' indicates a meal for employees, which falls under the Meals category. The policy allows meals up to $100 per person, and this amount ($191.58) exceeds the cap by $91.58. However, since there is no indication that alcohol was served or that it's a client dinner/team event, it does not fall under Entertainment.",17.83
TXN-1089,Entertainment,Entertainment,122.31,Dinner,None,"The transaction description 'Dinner' matches the policy definition for Entertainment, which includes client dinners. The employee's claimed category was incorrect, but the true category is clearly defined by the policy.",17.3
TXN-1090,Miscellaneous,Software & Subscriptions,140.83,Small hardware adapter needed for client presentation,None,"The transaction description mentions a 'small hardware adapter needed for client presentation', which falls under the category of Software & Subscriptions. This category is eligible for reimbursement up to $500 per single transaction without prior approval, and since the amount ($140.83) is below this threshold, there are no policy restrictions or allowances that apply.",15.58
TXN-1091,Travel,Ground Transport,108.85,"Cab ride, was running late for the client meeting",None,"The transaction description 'Cab ride, was running late for the client meeting' indicates a transportation expense related to business travel. According to policy (Section 3.3), such expenses are categorized as Ground Transport. The amount of $108.85 is within the allowed cap of $40/instance for Manager-level employees.",15.5
TXN-1092,Meals,Meals,9.34,Working lunch alone between back-to-back meetings,None,"The transaction description 'Working lunch alone between back-to-back meetings' indicates a solo meal, which is reimbursable up to $40 for Manager-level employees and above. The employee's level is not specified in the provided data, but based on the policy, this category would be correct regardless of the employee's level.",13.24
TXN-1093,Travel,Meals & Entertainment,22.75,Expense - receipt attached,None,"The transaction description 'Expense - receipt attached' indicates a meal-related expense, which falls under the Meals & Entertainment category. The policy requires receipts for expenses over $25, and this transaction meets that requirement.",17.31
TXN-1094,Miscellaneous,Wi-Fi / Connectivity,161.37,SIM card / local data plan for business trip,None,The transaction description 'SIM card / local data plan for business trip' matches the policy definition of a Junior-Eligible Expense under Wi-Fi/Connectivity category. This expense is permitted for junior employees and does not exceed any spending caps or limits.,13.08
TXN-1095,Travel,Travel,518.73,"5-day onsite client engagement; covers flights and 4 nights hotel, meals billed separately",None,"The transaction description '5-day onsite client engagement; covers flights and 4 nights hotel, meals billed separately' indicates a business trip with multiple components (flights, hotel, meals). According to policy, this is a valid expense under the Travel category. The fact that meals are billed separately does not change the primary categorization of this transaction.",14.57
TXN-1096,Miscellaneous,Miscellaneous,250.00,expense,None,"The transaction description 'expense' matches the Miscellaneous category definition in Section 7.6, which allows for legitimate one-off business costs that do not fit any other category.",13.07
TXN-1097,Software,Software & Subscriptions,254.64,Software subscription - annual license renewal for the department,None,"The transaction description 'annual license renewal for the department' indicates a business justification is required, which aligns with the Software & Subscriptions category. The employee claimed category was 'Software', but this is not accurate according to the policy text.",12.13
TXN-1098,Entertainment,Team Parties / Company Events,1768.32,"Team party for Finance - a group of 32, end-of-project wrap party",None,"The transaction description mentions a 'team party for Finance - a group of 32, end-of-project wrap party', which aligns with the policy definition for Team Parties / Company Events. The category cap is $100 per person ceiling; however, since there are 32 attendees, this expense exceeds the individual limit but does not violate any other rules.",19.83
TXN-1099,Miscellaneous,Miscellaneous,86.52,Postage for signed contract documents,None,"The transaction description 'Postage for signed contract documents' matches the policy definition for Miscellaneous claims, which require a specific, concrete description of what was purchased and why. The employee's claimed category was incorrect, but the provided justification aligns with the corporate policy.",14.08
TXN-1100,Entertainment,Meals & Client Entertainment,169.44,Dinner for 2,Low,"The transaction description 'Dinner for 2' indicates a meal claim, which is eligible only for employees at Manager level and above. However, the policy allows reimbursement up to $100 per person, per occasion, making this a low-level violation.",13.65
TXN-1101,Travel,Travel,249.21,"2-day onsite client engagement; covers flights and 1 night hotel, meals billed separately",None,The transaction description mentions a '2-day onsite client engagement' which indicates that the travel is for business purposes and related to a specific client. This matches the policy definition of Client-Billable expenses under the Travel category.,11.13
TXN-1102,Software,Software & Subscriptions,294.71,"Software subscription - design/collaboration tool, monthly seat renewal",None,"The transaction description mentions a 'software subscription - design/collaboration tool, monthly seat renewal', which aligns with the policy definition for Software & Subscriptions (Section 7.7). The employee's claimed category was inaccurate, but the correct category is clearly defined by the item description.",15.21
TXN-1103,Entertainment,Team Events / Company Parties,480.76,"Organized team party 17 of us, casual Friday team party",Low,"The transaction description 'Organized team party 17 of us, casual Friday team party' matches the policy definition for Team Events / Company Parties. However, since the employee is a Senior (not Manager level or above), this is a low-level violation due to the hosting-rights rule.",19.23
TXN-1104,Entertainment,Client Entertainment,95.00,"Dinner with client team (1 person, no guests) to finalize Q3 proposal",None,"The transaction description 'Dinner with client team (1 person, no guests) to finalize Q3 proposal' indicates a business meal with clients, which falls under the Client Entertainment category. The policy allows for Client Entertainment claims by employees at Manager level and above, but does not specify any caps or limits for this category.",17.37
TXN-1105,Miscellaneous,Travel,442.28,Trip cost,None,"The transaction description 'Trip cost' matches the policy definition for Travel expenses, which includes costs associated with business travel. The employee claimed category was Miscellaneous, but this is not accurate based on the provided information.",13.54
TXN-1106,Office Supplies,Office Supplies,95.27,Replacement keyboard and mouse for desk setup,None,"The transaction description 'Replacement keyboard and mouse for desk setup' matches the policy definition of Office Supplies, which includes home-office equipment. The employee is senior level, so they are eligible for this category. The amount $95.27 is below the single-transaction limit of $500.",13.59
TXN-1107,Meals,Meals,33.60,Solo lunch while working late on month-end close,Low,"The employee claimed a solo lunch while working late on month-end close, which is reimbursable up to $40 for Manager-level employees and above. However, the employee's level is not specified in this transaction, but based on the policy, it seems that Senior employees are not eligible for Meals claims. Therefore, this is considered a Low violation.",14.32
TXN-1108,Entertainment,Team Events,1684.31,"Team party for Sales - 43 of us, Q2 close celebration",Medium,"The transaction description 'Team party for Sales - 43 of us, Q2 close celebration' indicates a team event. According to the policy, Junior employees are not eligible to organize or file claims for team parties, regardless of the amount or how reasonable the per-person cost looks. This is a hosting-rights rule, not a spending-cap rule.",19.71
TXN-1109,Meals,Meals & Client Entertainment,34.56,Breakfast meeting with manager to review weekly priorities (2 people),None,"The transaction description mentions a 'breakfast meeting with manager to review weekly priorities', which implies a business purpose. The policy allows meal claims for employees at Manager level and above, and this employee is likely at that level or higher. Therefore, the corrected category is Meals & Client Entertainment.",13.9
TXN-1110,Meals,Meals & Client Entertainment,97.82,Project discussion,None,"The transaction description 'Project discussion' suggests a meal-related expense, and the employee is at Manager level. According to policy, meals during travel are claimed separately under the Meals category, subject to certain rules.",17.52
TXN-1111,Miscellaneous,Wi-Fi / Connectivity,51.56,SIM card / local data plan for business trip,None,The transaction description 'SIM card / local data plan for business trip' matches the policy definition of a Junior-Eligible Expense under Wi-Fi/Connectivity category. This expense is permitted for junior employees and does not exceed any spending caps or limits.,12.92
TXN-1112,Entertainment,Meals & Client Entertainment,324.12,Dinner with client team 3 of us to finalize Q3 proposal,None,"The transaction description 'Dinner with client team 3 of us to finalize Q3 proposal' indicates a business purpose related to a client, which aligns with the policy definition for Meals & Client Entertainment. The employee's level is not specified in the provided data, but according to the policy, Manager level and above are eligible to submit meal claims. Therefore, no violation is identified.",16.91
TXN-1113,Software,Software & Subscriptions,156.52,Software subscription - used for client project deliverables,None,"The transaction description 'Software subscription - used for client project deliverables' matches the policy definition in Section 7.7, which states that recurring software and SaaS subscriptions are reimbursable when there is a genuine work use, stated in the justification.",13.13
TXN-1114,Miscellaneous,Personal & Non-Reimbursable Expenses,81.84,Personal training session,High,"The transaction description 'Personal training session' indicates a personal expense that primarily benefits the employee, which is not allowed for reimbursement. According to policy, employees are expected to use their own payment methods for personal spending.",15.91
TXN-1115,Software,Software & Subscriptions,143.87,Software subscription - annual license renewal for the department,None,"The transaction description 'Software subscription - annual license renewal for the department' matches the policy definition for Software & Subscriptions, which requires a business justification. The employee claimed category was inaccurate and has been corrected.",11.8
TXN-1116,Miscellaneous,Wi-Fi / Connectivity,21.80,SIM card / local data plan for business trip,None,The transaction description 'SIM card / local data plan for business trip' matches the policy definition of a Junior-Eligible Expense under Wi-Fi/Connectivity category. This expense is permitted for junior employees and does not exceed any spending caps or limits.,12.79
TXN-1117,Entertainment,Meals,270.80,Team lunch (4 people) to plan next quarter's roadmap,None,"The transaction description 'Team lunch (4 people) to plan next quarter's roadmap' indicates a group meal, which is reimbursable under the Meals category. The policy allows for reimbursement of meals up to $100 per person, and since there are 4 attendees, the total amount of $270.80 does not exceed this limit.",20.35
TXN-1118,Office Supplies,Office Supplies,296.16,Replacement keyboard and mouse for desk setup,None,"The transaction description 'Replacement keyboard and mouse for desk setup' matches the policy definition of Office Supplies, which includes home-office equipment. The employee is senior level, so they are eligible for this category. The amount $296.16 is below the single-transaction limit of $500.",13.22
TXN-1119,Entertainment,Meals,59.16,Team lunch a group of 2 to welcome a new team member,None,"The transaction description 'Team lunch a group of 2 to welcome a new team member' indicates a meal-related expense, which falls under the policy category 'Meals'. The amount $59.16 is below the cap for meals ($100 per person), and there are no other restrictions or requirements that would make this an invalid claim.",19.9
TXN-1120,Office Supplies,Office Supplies,97.56,Monitor for hybrid home/office setup,None,"The transaction description 'Monitor for hybrid home/office setup' matches the policy definition of Office Supplies, which includes home-office equipment. The amount $97.56 is below the single-transaction limit of $500.",12.69
TXN-1121,Travel,Travel,645.14,"5-day travel for internal training in Frankfurt; includes train, 4 nights hotel",None,"The transaction description '5-day travel for internal training in Frankfurt; includes train, 4 nights hotel' matches the policy definition for Travel (per trip) category. The amount of $645.14 is within the spending cap of $2,500.",16.19
TXN-1122,Entertainment,Meals & Client Entertainment,82.91,Coffee/meal with client contact just me to walk through Q3 deliverables,None,"The transaction description 'Coffee/meal with client contact just me to walk through Q3 deliverables' indicates a business meal with a client, which falls under the Meals & Client Entertainment category. The employee is at Manager level and above, so they are eligible to submit this expense.",18.37
TXN-1123,Travel,Travel,148.52,"4-day onsite client engagement; covers flights and 3 nights hotel, meals billed separately",None,"The transaction description mentions a '4-day onsite client engagement' which indicates that the travel is for business purposes. The policy allows for reasonable and documented transport costs, including flights and hotel stays. Therefore, the corrected category is Travel.",13.97
TXN-1124,Travel,Travel,508.25,"5-day onsite client engagement; covers flights and 4 nights hotel, meals billed separately",None,"The transaction description '5-day onsite client engagement; covers flights and 4 nights hotel, meals billed separately' indicates a business trip with multiple components (flights, hotel, meals). According to policy, this is a valid expense under the Travel category. The fact that meals are billed separately does not change the primary categorization of this transaction.",21.99
TXN-1125,Entertainment,Meals & Client Entertainment,345.96,Coffee/meal with client contact a group of 4 to review project milestones,None,"The transaction description 'Coffee/meal with client contact a group of 4 to review project milestones' indicates a business meal with clients, which falls under the Meals & Client Entertainment category. The employee claimed it as Entertainment, but based on the policy text, this is a correct categorization.",23.37
TXN-1126,Office Supplies,Office Supplies,125.68,Printer paper and toner for the office,None,"The transaction description 'Printer paper and toner for the office' matches the policy definition of Office Supplies, which includes 'office supplies and home-office equipment (desks, chairs, monitors, basic peripherals, stationery)' as reimbursable up to $500 per single transaction without prior approval.",24.26
TXN-1127,Software,Software & Subscriptions,131.64,Software subscription - internal tooling for the team,None,"The transaction description 'Software subscription - internal tooling for the team' matches Section 7.7, which states that recurring software and SaaS subscriptions are reimbursable when there is a genuine work use, stated in the justification. The employee's claim meets this condition as it mentions 'internal tooling for the team', indicating a business purpose.",21.83
TXN-1128,Entertainment,Client Entertainment,292.60,Coffee/meal with client contact team of 4 to walk through Q3 deliverables,None,"The transaction description mentions a 'client contact team of 4' and the purpose is to walk through Q3 deliverables, which indicates that this expense is related to client entertainment. The policy allows Client Entertainment expenses up to $100 per person.",17.95
TXN-1129,Meals,Meals & Client Entertainment,14.12,Breakfast meeting with manager to review weekly priorities (2 people),None,"The transaction description mentions a 'breakfast meeting with manager to review weekly priorities', which implies a business purpose. The policy allows meal claims for employees at Manager level and above, and this employee is likely at that level or higher. Therefore, the corrected category is Meals & Client Entertainment.",15.4
TXN-1130,Travel,Travel,412.43,"3-day onsite client engagement; covers flights and 2 nights hotel, meals billed separately",None,"The transaction description mentions a '3-day onsite client engagement' which indicates that the travel is for business purposes. The policy allows for reasonable and documented transport expenses, including flights and hotel stays. Therefore, the corrected category is Travel.",15.46
TXN-1131,Office Supplies,Office Supplies,204.35,Printer paper and toner for the office,None,"The transaction description 'Printer paper and toner for the office' matches the policy definition of Office Supplies, which includes 'office supplies and home-office equipment (desks, chairs, monitors, basic peripherals, stationery)' as reimbursable up to $500 per single transaction without prior approval.",14.37
TXN-1132,Entertainment,Team Parties / Company Events,1303.55,"Team party for Operations - team of 31, new hire welcome party",None,"The transaction description mentions a 'team party for Operations - team of 31, new hire welcome party', which aligns with the policy definition for Team Parties / Company Events. This category is available to Manager, Executive, Director only, but since the employee's role is not specified in this context, we cannot determine if they are eligible. However, based on the description alone, there is no indication of a personal expense or any other non-reimbursable category.",22.29
TXN-1133,Meals,Meals,31.18,Working lunch alone between back-to-back meetings,None,"The transaction description 'Working lunch alone between back-to-back meetings' indicates a solo meal, which is reimbursable up to $40 for Manager-level employees and above. The employee's level is not specified in the provided data, but based on the policy, this category would be correct regardless of the employee's level.",15.65
TXN-1134,Miscellaneous,Miscellaneous,211.78,Misc,None,"The transaction description 'Misc' matches the policy definition for Miscellaneous category, which is used for legitimate one-off business costs that do not fit any other category. The employee's job level is not specified in the provided data, but according to the policy, only senior-level employees are eligible for this category.",19.51
TXN-1135,Office Supplies,Office Supplies,350.75,"Office chair + monitor arm bundle, single receipt",None,"The transaction description 'Office chair + monitor arm bundle' matches the policy definition for Office Supplies, which includes home-office equipment. The employee is senior level and above, making them eligible for this category. The amount of $350.75 is below the single-transaction limit of $500, so no approval was required.",18.17
TXN-1136,Travel,Travel,459.19,"3-day onsite client engagement; covers flights and 2 nights hotel, meals billed separately",None,"The transaction description mentions a '3-day onsite client engagement' which indicates that the travel is for business purposes. The policy allows for reasonable and documented transport expenses, including flights and hotel stays. Therefore, the corrected category is Travel.",13.23
TXN-1137,Travel,Meals & Entertainment,248.19,"Cab fare - rainy day, client site",None,"The transaction description 'Cab fare - rainy day, client site' indicates that the expense is related to a client visit, which falls under the Meals & Entertainment category. The policy requires expenses in this category to be marked as either tied to a specific client or project, and since the client name is mentioned, it meets this condition.",16.41
TXN-1138,Meals,Meals,23.40,Working lunch alone between back-to-back meetings,None,"The transaction description 'Working lunch alone between back-to-back meetings' indicates a solo meal, which is reimbursable up to $40 for Manager-level employees and above. The employee's level is not specified in the provided data, but based on the policy, this category would be correct regardless of the employee's level.",14.56
TXN-1139,Entertainment,Client Entertainment,208.60,Coffee/meal with client contact (4 people) following a successful sprint demo,None,"The transaction description mentions a 'client contact' and a 'sprint demo', indicating that the expense is related to client entertainment. The policy allows for Client Entertainment expenses, which can be submitted by employees at any level.",13.34
TXN-1140,Software,Software & Subscriptions,294.17,"Software subscription - design/collaboration tool, monthly seat renewal",None,"The transaction description mentions a 'software subscription - design/collaboration tool, monthly seat renewal', which aligns with the policy definition for Software & Subscriptions (Section 7.7). The employee's claimed category was inaccurate, but the correct category is clearly defined by the item description.",14.87
TXN-1141,Software,Software & Subscriptions,125.31,Software subscription - annual license renewal for the department,None,"The transaction description 'annual license renewal for the department' indicates a business justification is required, which aligns with the Software & Subscriptions category. The employee claimed category was 'Software', but this is not accurate according to the policy text.",13.65
TXN-1142,Meals,Meals,18.76,Working lunch alone between back-to-back meetings,None,"The transaction description 'Working lunch alone between back-to-back meetings' indicates a solo meal, which is reimbursable up to $40 for Manager-level employees and above. The employee's level is not specified in the provided data, but based on the policy, this category would be correct regardless of the employee's level.",15.59
TXN-1143,Entertainment,Meals,79.01,"Team lunch (1 person, no guests) to debrief after sprint retro",None,"The transaction description 'Team lunch (1 person, no guests) to debrief after sprint retro' indicates a meal-related expense. According to the policy, meals are eligible for reimbursement at Manager level and above, but since this employee is not specified as being at that level, it's unclear if they should be reimbursed. However, given the description, it's clear that this is a meal-related expense, so we'll categorize it as 'Meals'.",26.67
TXN-1144,Miscellaneous,Wellness / Fitness,96.18,Wellness subscription,High,"The transaction description 'Wellness subscription' matches the policy definition for non-reimbursable business expenses, specifically wellness and fitness costs. This category is never reimbursable at any level.",19.37
TXN-1145,Office Supplies,Office Supplies,425.00,Ergonomic chair and monitor stand,None,"The item description 'Ergonomic chair and monitor stand' matches the policy definition for Office Supplies, which includes home-office equipment. The employee is senior level, so they are eligible for this category. The amount of $425.00 is below the single transaction limit of $500.",16.64
TXN-1146,Miscellaneous,Travel,442.28,Trip cost,None,"The transaction description 'Trip cost' matches the policy definition for Travel expenses, which includes costs associated with business travel. The employee claimed category was Miscellaneous, but this is not accurate based on the provided information.",14.82
TXN-1147,Office Supplies,Office Supplies,204.88,Monitor for hybrid home/office setup,None,"The transaction description 'Monitor for hybrid home/office setup' matches the policy definition of Office Supplies, which includes home-office equipment. The amount $204.88 is below the single-transaction limit of $500.",13.95
TXN-1148,Software,Software & Subscriptions,166.56,Software subscription - annual license renewal for the department,None,"The transaction description 'Software subscription - annual license renewal for the department' matches the policy definition for Software & Subscriptions, which requires a business justification. The employee claimed category was inaccurate and has been corrected.",13.13
TXN-1149,Travel,Travel,38.20,"2-day onsite client engagement; covers flights and 1 night hotel, meals billed separately",None,The transaction description mentions a '2-day onsite client engagement' which indicates that the travel is for business purposes and related to a specific client. This matches the policy definition of Client-Billable expenses under the Travel category.,13.87
TXN-1150,Meals,Meals,9.92,Snacks for office during all-hands meeting (approx 12 people),Low,"The transaction description 'Snacks for office during all-hands meeting (approx 12 people)' indicates a group meal, which is reimbursable under the policy. However, since there are more than 4 attendees, the per-person cost exceeds $100, and the excess above $100 per person is the employee's own responsibility. The amount of $9.92 does not exceed any specific cap or limit for meals.",18.69
